0,2011-01-01,43.0,45.0,40.0,0.36,1
1,2011-01-02,46.0,48.0,43.0,0.21,1
2,2011-01-03,44.0,51.0,36.0,0.0,0
3,2011-01-04,44.0,54.0,33.0,0.0,0
4,2011-01-05,43.0,53.0,32.0,0.0,0
5,2011-01-06,39.0,46.0,32.0,0.0,0
6,2011-01-07,40.0,42.0,38.0,0.0,0
7,2011-01-08,41.0,43.0,38.0,0.0,0
8,2011-01-09,40.0,48.0,32.0,0.0,0
9,2011-01-10,39.0,48.0,29.0,0.0,0
10,2011-01-11,43.0,46.0,40.0,0.01,1
11,2011-01-12,49.0,56.0,42.0,0.0,0
12,2011-01-13,48.0,57.0,39.0,0.05,1
13,2011-01-14,55.0,64.0,46.0,0.0,0
14,2011-01-15,47.0,50.0,43.0,0.0,0
15,2011-01-16,49.0,53.0,45.0,0.0,0
16,2011-01-17,50.0,53.0,46.0,0.0,0
17,2011-01-18,53.0,64.0,41.0,0.0,0
18,2011-01-19,52.0,62.0,42.0,0.0,0
19,2011-01-20,52.0,63.0,40.0,0.0,0
20,2011-01-21,51.0,66.0,36.0,0.0,0
21,2011-01-22,56.0,72.0,39.0,0.0,0
22,2011-01-23,51.0,63.0,39.0,0.0,0
23,2011-01-24,52.0,68.0,36.0,0.0,0
24,2011-01-25,52.0,65.0,39.0,0.0,0
25,2011-01-26,51.0,62.0,40.0,0.0,0
26,2011-01-27,46.0,54.0,37.0,0.0,0
27,2011-01-28,42.0,46.0,38.0,0.0,0
28,2011-01-29,46.0,53.0,39.0,0.07,1
29,2011-01-30,47.0,53.0,40.0,0.31,1
30,2011-01-31,51.0,63.0,38.0,0.0,0
31,2011-02-01,53.0,66.0,40.0,0.0,0
32,2011-02-02,51.0,61.0,41.0,0.0,0
33,2011-02-03,49.0,62.0,35.0,0.0,0
34,2011-02-04,50.0,65.0,34.0,0.0,0
35,2011-02-05,59.0,79.0,39.0,0.0,0
36,2011-02-06,64.0,79.0,49.0,0.0,0
37,2011-02-07,57.0,73.0,41.0,0.0,0
38,2011-02-08,53.0,62.0,44.0,0.0,0
39,2011-02-09,49.0,61.0,37.0,0.0,0
40,2011-02-10,49.0,64.0,33.0,0.0,0
41,2011-02-11,50.0,65.0,35.0,0.0,0
42,2011-02-12,50.0,66.0,34.0,0.0,0
43,2011-02-13,51.0,66.0,35.0,0.0,0
44,2011-02-14,54.0,60.0,47.0,0.06,1
45,2011-02-15,56.0,61.0,51.0,0.26,1
46,2011-02-16,49.0,55.0,42.0,0.67,1
47,2011-02-17,46.0,49.0,42.0,0.9,1
48,2011-02-18,41.0,45.0,37.0,0.68,1
49,2011-02-19,42.0,46.0,37.0,0.35,1
50,2011-02-20,43.0,54.0,32.0,0.0,0
51,2011-02-21,46.0,54.0,37.0,0.0,0
52,2011-02-22,47.0,59.0,34.0,0.0,0
53,2011-02-23,47.0,57.0,37.0,0.0,0
54,2011-02-24,46.0,51.0,40.0,0.17,1
55,2011-02-25,44.0,52.0,36.0,0.55,1
56,2011-02-26,40.0,51.0,29.0,0.0,0
57,2011-02-27,45.0,58.0,32.0,0.0,0
58,2011-02-28,47.0,59.0,35.0,0.0,0
59,2011-03-01,50.0,63.0,36.0,0.03,1
60,2011-03-02,54.0,59.0,48.0,0.08,1
61,2011-03-03,56.0,66.0,46.0,0.0,0
62,2011-03-04,52.0,64.0,40.0,0.0,0
63,2011-03-05,55.0,66.0,44.0,0.05,1
64,2011-03-06,56.0,59.0,53.0,0.5,1
65,2011-03-07,54.0,59.0,48.0,0.0,0
66,2011-03-08,57.0,64.0,49.0,0.0,0
67,2011-03-09,56.0,65.0,47.0,0.0,0
68,2011-03-10,54.0,62.0,46.0,0.0,0
69,2011-03-11,52.0,61.0,42.0,0.0,0
70,2011-03-12,55.0,63.0,46.0,0.0,0
71,2011-03-13,59.0,68.0,50.0,0.12,1
72,2011-03-14,59.0,63.0,55.0,0.17,1
73,2011-03-15,59.0,64.0,54.0,0.33,1
74,2011-03-16,53.0,60.0,45.0,0.02,1
75,2011-03-17,51.0,62.0,39.0,0.0,0
76,2011-03-18,49.0,56.0,41.0,0.86,1
77,2011-03-19,47.0,52.0,41.0,0.56,1
78,2011-03-20,51.0,56.0,45.0,0.25,1
79,2011-03-21,51.0,60.0,41.0,0.0,0
80,2011-03-22,52.0,60.0,44.0,0.08,1
81,2011-03-23,53.0,58.0,48.0,0.54,1
82,2011-03-24,47.0,50.0,44.0,1.13,1
83,2011-03-25,52.0,58.0,45.0,0.22,1
84,2011-03-26,52.0,59.0,44.0,0.23,1
85,2011-03-27,51.0,60.0,41.0,0.02,1
86,2011-03-28,53.0,64.0,42.0,0.0,0
87,2011-03-29,58.0,70.0,45.0,0.0,0
88,2011-03-30,67.0,83.0,50.0,0.0,0
89,2011-03-31,67.0,81.0,52.0,0.0,0
90,2011-04-01,66.0,81.0,51.0,0.0,0
91,2011-04-02,61.0,70.0,52.0,0.0,0
92,2011-04-03,57.0,70.0,43.0,0.0,0
93,2011-04-04,61.0,76.0,46.0,0.0,0
94,2011-04-05,62.0,72.0,51.0,0.0,0
95,2011-04-06,57.0,67.0,46.0,0.0,0
96,2011-04-07,50.0,57.0,42.0,0.07,1
97,2011-04-08,49.0,60.0,37.0,0.0,0
98,2011-04-09,52.0,66.0,37.0,0.0,0
99,2011-04-10,54.0,64.0,44.0,0.0,0
100,2011-04-11,55.0,64.0,46.0,0.0,0
101,2011-04-12,56.0,66.0,45.0,0.0,0
102,2011-04-13,53.0,61.0,44.0,0.07,1
103,2011-04-14,53.0,64.0,41.0,0.0,0
104,2011-04-15,59.0,70.0,48.0,0.0,0
105,2011-04-16,63.0,74.0,52.0,0.0,0
106,2011-04-17,63.0,71.0,55.0,0.0,0
107,2011-04-18,59.0,63.0,54.0,0.0,0
108,2011-04-19,64.0,72.0,55.0,0.0,0
109,2011-04-20,61.0,68.0,54.0,0.0,0
110,2011-04-21,58.0,67.0,48.0,0.03,1
111,2011-04-22,57.0,65.0,48.0,0.0,0
112,2011-04-23,59.0,68.0,50.0,0.0,0
113,2011-04-24,61.0,67.0,54.0,0.02,1
114,2011-04-25,59.0,67.0,51.0,0.0,0
115,2011-04-26,58.0,69.0,46.0,0.0,0
116,2011-04-27,60.0,73.0,47.0,0.0,0
117,2011-04-28,58.0,67.0,48.0,0.0,0
118,2011-04-29,55.0,71.0,39.0,0.0,0
119,2011-04-30,63.0,77.0,49.0,0.0,0
120,2011-05-01,63.0,82.0,43.0,0.0,0
121,2011-05-02,65.0,82.0,47.0,0.0,0
122,2011-05-03,65.0,80.0,50.0,0.0,0
123,2011-05-04,70.0,89.0,50.0,0.0,0
124,2011-05-05,71.0,92.0,50.0,0.0,0
125,2011-05-06,63.0,74.0,51.0,0.0,0
126,2011-05-07,61.0,71.0,50.0,0.0,0
127,2011-05-08,58.0,66.0,50.0,0.0,0
128,2011-05-09,59.0,72.0,45.0,0.0,0
129,2011-05-10,63.0,79.0,46.0,0.0,0
130,2011-05-11,59.0,66.0,51.0,0.0,0
131,2011-05-12,63.0,76.0,50.0,0.0,0
132,2011-05-13,62.0,74.0,49.0,0.0,0
133,2011-05-14,53.0,60.0,46.0,0.03,1
134,2011-05-15,54.0,62.0,45.0,0.02,1
135,2011-05-16,54.0,63.0,45.0,0.12,1
136,2011-05-17,55.0,60.0,49.0,0.14,1
137,2011-05-18,60.0,70.0,50.0,0.02,1
138,2011-05-19,65.0,81.0,48.0,0.0,0
139,2011-05-20,65.0,78.0,52.0,0.0,0
140,2011-05-21,63.0,73.0,53.0,0.0,0
141,2011-05-22,62.0,73.0,51.0,0.0,0
142,2011-05-23,63.0,74.0,51.0,0.0,0
143,2011-05-24,61.0,73.0,49.0,0.0,0
144,2011-05-25,58.0,65.0,51.0,0.05,1
145,2011-05-26,58.0,69.0,47.0,0.0,0
146,2011-05-27,61.0,71.0,50.0,0.0,0
147,2011-05-28,58.0,66.0,50.0,0.03,1
148,2011-05-29,60.0,73.0,47.0,0.0,0
149,2011-05-30,59.0,66.0,51.0,0.0,0
150,2011-05-31,56.0,62.0,50.0,0.13,1
151,2011-06-01,56.0,64.0,48.0,0.13,1
152,2011-06-02,59.0,69.0,49.0,0.0,0
153,2011-06-03,56.0,65.0,47.0,0.0,0
154,2011-06-04,59.0,64.0,53.0,1.06,1
155,2011-06-05,60.0,67.0,53.0,0.2,1
156,2011-06-06,59.0,64.0,54.0,0.01,1
157,2011-06-07,65.0,76.0,53.0,0.0,0
158,2011-06-08,66.0,77.0,54.0,0.0,0
159,2011-06-09,68.0,82.0,53.0,0.0,0
160,2011-06-10,65.0,76.0,53.0,0.0,0
161,2011-06-11,63.0,73.0,52.0,0.0,0
162,2011-06-12,67.0,82.0,52.0,0.0,0
163,2011-06-13,70.0,85.0,55.0,0.0,0
164,2011-06-14,76.0,94.0,58.0,0.0,0
165,2011-06-15,77.0,94.0,59.0,0.0,0
166,2011-06-16,72.0,84.0,59.0,0.0,0
167,2011-06-17,68.0,81.0,55.0,0.0,0
168,2011-06-18,67.0,80.0,53.0,0.0,0
169,2011-06-19,74.0,92.0,55.0,0.0,0
170,2011-06-20,80.0,98.0,61.0,0.0,0
171,2011-06-21,82.0,101.0,63.0,0.0,0
172,2011-06-22,76.0,94.0,58.0,0.0,0
173,2011-06-23,69.0,82.0,55.0,0.0,0
174,2011-06-24,69.0,84.0,54.0,0.0,0
175,2011-06-25,67.0,80.0,54.0,0.0,0
176,2011-06-26,71.0,87.0,55.0,0.0,0
177,2011-06-27,69.0,82.0,55.0,0.0,0
178,2011-06-28,60.0,64.0,56.0,0.59,1
179,2011-06-29,63.0,72.0,54.0,0.0,0
180,2011-06-30,70.0,85.0,54.0,0.0,0
181,2011-07-01,76.0,93.0,59.0,0.0,0
182,2011-07-02,78.0,96.0,59.0,0.0,0
183,2011-07-03,81.0,100.0,62.0,0.0,0
184,2011-07-04,80.0,96.0,63.0,0.0,0
185,2011-07-05,78.0,97.0,58.0,0.0,0
186,2011-07-06,80.0,98.0,62.0,0.0,0
187,2011-07-07,75.0,93.0,57.0,0.0,0
188,2011-07-08,75.0,93.0,57.0,0.0,0
189,2011-07-09,68.0,81.0,55.0,0.0,0
190,2011-07-10,69.0,83.0,54.0,0.0,0
191,2011-07-11,64.0,73.0,54.0,0.0,0
192,2011-07-12,65.0,75.0,55.0,0.0,0
193,2011-07-13,64.0,72.0,56.0,0.0,0
194,2011-07-14,63.0,70.0,55.0,0.0,0
195,2011-07-15,64.0,72.0,55.0,0.0,0
196,2011-07-16,66.0,75.0,56.0,0.0,0
197,2011-07-17,66.0,74.0,58.0,0.0,0
198,2011-07-18,68.0,80.0,56.0,0.0,0
199,2011-07-19,72.0,86.0,58.0,0.0,0
200,2011-07-20,78.0,95.0,60.0,0.0,0
201,2011-07-21,75.0,92.0,58.0,0.0,0
202,2011-07-22,73.0,88.0,58.0,0.0,0
203,2011-07-23,69.0,80.0,58.0,0.0,0
204,2011-07-24,69.0,80.0,57.0,0.0,0
205,2011-07-25,70.0,84.0,55.0,0.0,0
206,2011-07-26,73.0,87.0,58.0,0.0,0
207,2011-07-27,73.0,91.0,55.0,0.0,0
208,2011-07-28,72.0,90.0,54.0,0.0,0
209,2011-07-29,70.0,83.0,57.0,0.0,0
210,2011-07-30,68.0,78.0,58.0,0.0,0
211,2011-07-31,68.0,78.0,57.0,0.0,0
212,2011-08-01,69.0,82.0,55.0,0.0,0
213,2011-08-02,71.0,88.0,54.0,0.0,0
214,2011-08-03,70.0,86.0,54.0,0.0,0
215,2011-08-04,67.0,76.0,58.0,0.0,0
216,2011-08-05,73.0,87.0,58.0,0.0,0
217,2011-08-06,71.0,84.0,58.0,0.0,0
218,2011-08-07,69.0,81.0,57.0,0.0,0
219,2011-08-08,72.0,88.0,56.0,0.0,0
220,2011-08-09,73.0,90.0,55.0,0.0,0
221,2011-08-10,72.0,87.0,56.0,0.0,0
222,2011-08-11,71.0,84.0,58.0,0.0,0
223,2011-08-12,73.0,88.0,58.0,0.0,0
224,2011-08-13,74.0,92.0,55.0,0.0,0
225,2011-08-14,75.0,91.0,58.0,0.0,0
226,2011-08-15,74.0,90.0,58.0,0.0,0
227,2011-08-16,76.0,91.0,61.0,0.0,0
228,2011-08-17,74.0,89.0,58.0,0.0,0
229,2011-08-18,73.0,89.0,57.0,0.0,0
230,2011-08-19,68.0,79.0,57.0,0.0,0
231,2011-08-20,68.0,78.0,57.0,0.0,0
232,2011-08-21,70.0,81.0,59.0,0.0,0
233,2011-08-22,72.0,85.0,58.0,0.0,0
234,2011-08-23,77.0,96.0,57.0,0.0,0
235,2011-08-24,77.0,92.0,61.0,0.0,0
236,2011-08-25,74.0,89.0,59.0,0.0,0
237,2011-08-26,75.0,91.0,58.0,0.0,0
238,2011-08-27,72.0,89.0,54.0,0.0,0
239,2011-08-28,72.0,90.0,53.0,0.0,0
240,2011-08-29,73.0,89.0,56.0,0.0,0
241,2011-08-30,71.0,84.0,57.0,0.0,0
242,2011-08-31,69.0,82.0,56.0,0.0,0
243,2011-09-01,72.0,89.0,54.0,0.0,0
244,2011-09-02,76.0,96.0,56.0,0.0,0
245,2011-09-03,72.0,89.0,55.0,0.0,0
246,2011-09-04,69.0,83.0,55.0,0.0,0
247,2011-09-05,69.0,83.0,54.0,0.0,0
248,2011-09-06,72.0,94.0,50.0,0.0,0
249,2011-09-07,76.0,96.0,55.0,0.0,0
250,2011-09-08,73.0,90.0,55.0,0.0,0
251,2011-09-09,74.0,91.0,56.0,0.0,0
252,2011-09-10,72.0,84.0,60.0,0.0,0
253,2011-09-11,68.0,75.0,60.0,0.0,0
254,2011-09-12,72.0,85.0,59.0,0.0,0
255,2011-09-13,75.0,90.0,59.0,0.0,0
256,2011-09-14,71.0,83.0,58.0,0.0,0
257,2011-09-15,67.0,76.0,57.0,0.0,0
258,2011-09-16,68.0,79.0,57.0,0.0,0
259,2011-09-17,70.0,84.0,56.0,0.0,0
260,2011-09-18,74.0,93.0,54.0,0.0,0
261,2011-09-19,77.0,96.0,57.0,0.0,0
262,2011-09-20,79.0,98.0,60.0,0.0,0
263,2011-09-21,78.0,97.0,59.0,0.0,0
264,2011-09-22,76.0,95.0,56.0,0.0,0
265,2011-09-23,78.0,97.0,58.0,0.0,0
266,2011-09-24,69.0,76.0,61.0,0.0,0
267,2011-09-25,64.0,71.0,56.0,0.02,1
268,2011-09-26,67.0,81.0,52.0,0.0,0
269,2011-09-27,73.0,89.0,56.0,0.0,0
270,2011-09-28,77.0,94.0,60.0,0.0,0
271,2011-09-29,73.0,85.0,60.0,0.0,0
272,2011-09-30,67.0,75.0,59.0,0.0,0
273,2011-10-01,69.0,76.0,61.0,0.0,0
274,2011-10-02,66.0,77.0,55.0,0.0,0
275,2011-10-03,62.0,69.0,54.0,0.13,1
276,2011-10-04,63.0,69.0,56.0,0.06,1
277,2011-10-05,59.0,65.0,52.0,0.43,1
278,2011-10-06,56.0,63.0,49.0,0.09,1
279,2011-10-07,60.0,73.0,46.0,0.01,1
280,2011-10-08,63.0,77.0,49.0,0.0,0
281,2011-10-09,65.0,78.0,52.0,0.0,0
282,2011-10-10,65.0,70.0,60.0,0.0,0
283,2011-10-11,68.0,77.0,59.0,0.0,0
284,2011-10-12,70.0,84.0,56.0,0.0,0
285,2011-10-13,71.0,87.0,55.0,0.0,0
286,2011-10-14,71.0,86.0,55.0,0.0,0
287,2011-10-15,69.0,79.0,58.0,0.0,0
288,2011-10-16,66.0,73.0,58.0,0.0,0
289,2011-10-17,72.0,88.0,55.0,0.0,0
290,2011-10-18,69.0,83.0,55.0,0.0,0
291,2011-10-19,66.0,73.0,58.0,0.0,0
292,2011-10-20,65.0,74.0,55.0,0.0,0
293,2011-10-21,67.0,79.0,54.0,0.0,0
294,2011-10-22,69.0,85.0,52.0,0.0,0
295,2011-10-23,68.0,84.0,51.0,0.0,0
296,2011-10-24,62.0,71.0,53.0,0.0,0
297,2011-10-25,60.0,72.0,48.0,0.0,0
298,2011-10-26,59.0,76.0,42.0,0.0,0
299,2011-10-27,58.0,73.0,43.0,0.0,0
300,2011-10-28,60.0,76.0,44.0,0.0,0
301,2011-10-29,63.0,81.0,44.0,0.0,0
302,2011-10-30,64.0,80.0,48.0,0.0,0
303,2011-10-31,65.0,81.0,49.0,0.0,0
304,2011-11-01,62.0,75.0,48.0,0.0,0
305,2011-11-02,61.0,74.0,48.0,0.0,0
306,2011-11-03,53.0,62.0,44.0,0.01,1
307,2011-11-04,51.0,60.0,42.0,0.0,0
308,2011-11-05,49.0,58.0,40.0,0.24,1
309,2011-11-06,51.0,60.0,41.0,0.04,1
310,2011-11-07,51.0,62.0,39.0,0.0,0
311,2011-11-08,50.0,61.0,38.0,0.0,0
312,2011-11-09,49.0,62.0,36.0,0.0,0
313,2011-11-10,51.0,65.0,37.0,0.0,0
314,2011-11-11,47.0,53.0,41.0,0.09,1
315,2011-11-12,56.0,64.0,48.0,0.0,0
316,2011-11-13,58.0,68.0,48.0,0.0,0
317,2011-11-14,56.0,64.0,47.0,0.0,0
318,2011-11-15,56.0,69.0,42.0,0.0,0
319,2011-11-16,56.0,69.0,43.0,0.0,0
320,2011-11-17,55.0,64.0,45.0,0.0,0
321,2011-11-18,52.0,58.0,45.0,0.05,1
322,2011-11-19,47.0,56.0,38.0,0.17,1
323,2011-11-20,49.0,55.0,42.0,0.05,1
324,2011-11-21,50.0,57.0,43.0,0.0,0
325,2011-11-22,52.0,63.0,40.0,0.0,0
326,2011-11-23,50.0,60.0,40.0,0.0,0
327,2011-11-24,50.0,55.0,45.0,0.12,1
328,2011-11-25,52.0,58.0,45.0,0.0,0
329,2011-11-26,49.0,58.0,39.0,0.0,0
330,2011-11-27,51.0,56.0,46.0,0.0,0
331,2011-11-28,54.0,63.0,44.0,0.0,0
332,2011-11-29,45.0,52.0,37.0,0.0,0
333,2011-11-30,55.0,67.0,43.0,0.0,0
334,2011-12-01,56.0,67.0,44.0,0.0,0
335,2011-12-02,59.0,75.0,42.0,0.0,0
336,2011-12-03,53.0,64.0,42.0,0.0,0
337,2011-12-04,49.0,63.0,34.0,0.0,0
338,2011-12-05,46.0,59.0,33.0,0.0,0
339,2011-12-06,45.0,59.0,31.0,0.0,0
340,2011-12-07,45.0,58.0,32.0,0.0,0
341,2011-12-08,46.0,61.0,31.0,0.0,0
342,2011-12-09,45.0,61.0,29.0,0.0,0
343,2011-12-10,45.0,59.0,31.0,0.0,0
344,2011-12-11,46.0,56.0,35.0,0.0,0
345,2011-12-12,46.0,54.0,38.0,0.0,0
346,2011-12-13,47.0,59.0,34.0,0.0,0
347,2011-12-14,45.0,56.0,34.0,0.0,0
348,2011-12-15,46.0,54.0,38.0,0.07,1
349,2011-12-16,49.0,65.0,32.0,0.0,0
350,2011-12-17,44.0,54.0,33.0,0.0,0
351,2011-12-18,43.0,55.0,31.0,0.0,0
352,2011-12-19,51.0,66.0,35.0,0.0,0
353,2011-12-20,43.0,53.0,32.0,0.0,0
354,2011-12-21,44.0,59.0,29.0,0.0,0
355,2011-12-22,45.0,60.0,30.0,0.0,0
356,2011-12-23,44.0,58.0,29.0,0.0,0
357,2011-12-24,41.0,56.0,26.0,0.0,0
358,2011-12-25,41.0,55.0,27.0,0.0,0
359,2011-12-26,42.0,55.0,29.0,0.0,0
360,2011-12-27,49.0,59.0,39.0,0.0,0
361,2011-12-28,50.0,61.0,38.0,0.0,0
362,2011-12-29,53.0,61.0,45.0,0.0,0
363,2011-12-30,53.0,60.0,45.0,0.0,0
364,2011-12-31,48.0,59.0,36.0,0.0,0
365,2012-01-01,48.0,57.0,39.0,0.0,0
366,2012-01-02,49.0,60.0,38.0,0.0,0
367,2012-01-03,53.0,64.0,42.0,0.0,0
368,2012-01-04,52.0,67.0,37.0,0.0,0
369,2012-01-05,53.0,68.0,37.0,0.0,0
370,2012-01-06,50.0,61.0,38.0,0.0,0
371,2012-01-07,53.0,69.0,36.0,0.0,0
372,2012-01-08,52.0,64.0,39.0,0.0,0
373,2012-01-09,48.0,63.0,32.0,0.0,0
374,2012-01-10,49.0,64.0,34.0,0.0,0
375,2012-01-11,49.0,65.0,33.0,0.0,0
376,2012-01-12,49.0,66.0,31.0,0.0,0
377,2012-01-13,48.0,64.0,31.0,0.0,0
378,2012-01-14,48.0,64.0,31.0,0.0,0
379,2012-01-15,43.0,54.0,31.0,0.0,0
380,2012-01-16,40.0,52.0,27.0,0.0,0
381,2012-01-17,41.0,52.0,29.0,0.0,0
382,2012-01-18,44.0,56.0,31.0,0.0,0
383,2012-01-19,43.0,52.0,34.0,0.09,1
384,2012-01-20,51.0,58.0,43.0,1.23,1
385,2012-01-21,49.0,56.0,42.0,0.18,1
386,2012-01-22,48.0,53.0,42.0,0.15,1
387,2012-01-23,48.0,55.0,41.0,0.73,1
388,2012-01-24,51.0,61.0,40.0,0.0,0
389,2012-01-25,53.0,63.0,43.0,0.0,0
390,2012-01-26,58.0,66.0,49.0,0.0,0
391,2012-01-27,53.0,67.0,39.0,0.0,0
392,2012-01-28,48.0,62.0,33.0,0.0,0
393,2012-01-29,49.0,64.0,34.0,0.0,0
394,2012-01-30,53.0,62.0,43.0,0.0,0
395,2012-01-31,54.0,60.0,47.0,0.0,0
396,2012-02-01,52.0,61.0,43.0,0.0,0
397,2012-02-02,54.0,69.0,38.0,0.0,0
398,2012-02-03,47.0,60.0,34.0,0.0,0
399,2012-02-04,50.0,65.0,35.0,0.0,0
400,2012-02-05,51.0,65.0,36.0,0.0,0
401,2012-02-06,51.0,63.0,38.0,0.07,1
402,2012-02-07,52.0,55.0,48.0,0.3,1
403,2012-02-08,54.0,65.0,43.0,0.01,1
404,2012-02-09,55.0,68.0,41.0,0.0,0
405,2012-02-10,53.0,64.0,42.0,0.0,0
406,2012-02-11,55.0,62.0,48.0,0.0,0
407,2012-02-12,51.0,62.0,40.0,0.05,1
408,2012-02-13,48.0,54.0,41.0,0.15,1
409,2012-02-14,49.0,60.0,38.0,0.0,0
410,2012-02-15,49.0,59.0,38.0,0.0,0
411,2012-02-16,50.0,66.0,34.0,0.0,0
412,2012-02-17,52.0,66.0,38.0,0.0,0
413,2012-02-18,53.0,62.0,44.0,0.0,0
414,2012-02-19,49.0,59.0,39.0,0.0,0
415,2012-02-20,52.0,59.0,44.0,0.0,0
416,2012-02-21,54.0,67.0,41.0,0.0,0
417,2012-02-22,61.0,78.0,44.0,0.01,1
418,2012-02-23,61.0,77.0,44.0,0.0,0
419,2012-02-24,62.0,76.0,47.0,0.0,0
420,2012-02-25,51.0,61.0,40.0,0.0,0
421,2012-02-26,47.0,60.0,33.0,0.0,0
422,2012-02-27,45.0,56.0,34.0,0.0,0
423,2012-02-28,47.0,55.0,38.0,0.0,0
424,2012-03-01,51.0,59.0,42.0,0.17,1
425,2012-03-02,50.0,65.0,34.0,0.0,0
426,2012-03-03,54.0,69.0,38.0,0.0,0
427,2012-03-04,56.0,73.0,39.0,0.0,0
428,2012-03-05,58.0,74.0,41.0,0.0,0
429,2012-03-06,51.0,59.0,43.0,0.0,0
430,2012-03-07,52.0,65.0,38.0,0.0,0
431,2012-03-08,52.0,68.0,35.0,0.0,0
432,2012-03-09,55.0,72.0,38.0,0.0,0
433,2012-03-10,52.0,63.0,41.0,0.0,0
434,2012-03-11,53.0,62.0,43.0,0.0,0
435,2012-03-12,50.0,63.0,37.0,0.0,0
436,2012-03-13,54.0,56.0,51.0,0.31,1
437,2012-03-14,56.0,59.0,53.0,0.59,1
438,2012-03-15,59.0,62.0,55.0,0.02,1
439,2012-03-16,54.0,60.0,47.0,0.66,1
440,2012-03-17,46.0,52.0,40.0,0.06,1
441,2012-03-18,48.0,54.0,42.0,0.0,0
442,2012-03-19,46.0,56.0,35.0,0.0,0
443,2012-03-20,57.0,66.0,48.0,0.0,0
444,2012-03-21,58.0,70.0,45.0,0.0,0
445,2012-03-22,53.0,62.0,44.0,0.0,0
446,2012-03-23,50.0,62.0,38.0,0.0,0
447,2012-03-24,49.0,54.0,44.0,0.69,1
448,2012-03-25,50.0,58.0,41.0,0.26,1
449,2012-03-26,51.0,61.0,40.0,0.0,0
450,2012-03-27,55.0,60.0,50.0,0.63,1
451,2012-03-28,58.0,66.0,49.0,0.04,1
452,2012-03-29,56.0,66.0,45.0,0.0,0
453,2012-03-30,59.0,65.0,52.0,0.0,0
454,2012-03-31,53.0,59.0,47.0,0.33,1
455,2012-04-01,53.0,61.0,45.0,0.0,0
456,2012-04-02,54.0,67.0,41.0,0.0,0
457,2012-04-03,57.0,66.0,47.0,0.0,0
458,2012-04-04,50.0,60.0,40.0,0.0,0
459,2012-04-05,49.0,59.0,38.0,0.0,0
460,2012-04-06,50.0,62.0,37.0,0.0,0
461,2012-04-07,52.0,67.0,37.0,0.0,0
462,2012-04-08,56.0,71.0,40.0,0.0,0
463,2012-04-09,56.0,70.0,42.0,0.0,0
464,2012-04-10,55.0,57.0,52.0,0.7,1
465,2012-04-11,54.0,61.0,47.0,0.06,1
466,2012-04-12,55.0,63.0,47.0,0.97,1
467,2012-04-13,52.0,59.0,45.0,0.4,1
468,2012-04-14,56.0,66.0,46.0,0.0,0
469,2012-04-15,60.0,70.0,49.0,0.0,0
470,2012-04-16,59.0,69.0,49.0,0.0,0
471,2012-04-17,61.0,70.0,51.0,0.0,0
472,2012-04-18,62.0,72.0,51.0,0.0,0
473,2012-04-19,66.0,78.0,54.0,0.0,0
474,2012-04-20,72.0,87.0,57.0,0.0,0
475,2012-04-21,74.0,90.0,57.0,0.0,0
476,2012-04-22,68.0,82.0,54.0,0.0,0
477,2012-04-23,61.0,68.0,54.0,0.0,0
478,2012-04-24,64.0,72.0,56.0,0.0,0
479,2012-04-25,64.0,72.0,55.0,0.21,1
480,2012-04-26,57.0,64.0,50.0,0.07,1
481,2012-04-27,56.0,70.0,41.0,0.0,0
482,2012-04-28,63.0,77.0,49.0,0.0,0
483,2012-04-29,68.0,84.0,51.0,0.0,0
484,2012-04-30,68.0,82.0,53.0,0.0,0
485,2012-05-01,61.0,71.0,50.0,0.0,0
486,2012-05-02,57.0,66.0,48.0,0.0,0
487,2012-05-03,58.0,64.0,51.0,0.0,0
488,2012-05-04,60.0,68.0,52.0,0.0,0
489,2012-05-05,62.0,79.0,45.0,0.0,0
490,2012-05-06,66.0,84.0,48.0,0.0,0
491,2012-05-07,70.0,89.0,50.0,0.0,0
492,2012-05-08,71.0,91.0,51.0,0.0,0
493,2012-05-09,69.0,87.0,50.0,0.0,0
494,2012-05-10,68.0,84.0,51.0,0.0,0
495,2012-05-11,69.0,89.0,49.0,0.0,0
496,2012-05-12,69.0,87.0,51.0,0.0,0
497,2012-05-13,60.0,69.0,50.0,0.0,0
498,2012-05-14,61.0,70.0,51.0,0.0,0
499,2012-05-15,65.0,78.0,52.0,0.0,0
500,2012-05-16,66.0,80.0,52.0,0.0,0
501,2012-05-17,63.0,74.0,51.0,0.0,0
502,2012-05-18,67.0,82.0,51.0,0.0,0
503,2012-05-19,68.0,83.0,52.0,0.0,0
504,2012-05-20,72.0,89.0,55.0,0.0,0
505,2012-05-21,64.0,75.0,53.0,0.0,0
506,2012-05-22,68.0,79.0,56.0,0.0,0
507,2012-05-23,66.0,77.0,55.0,0.0,0
508,2012-05-24,64.0,76.0,52.0,0.0,0
509,2012-05-25,59.0,67.0,50.0,0.0,0
510,2012-05-26,59.0,66.0,51.0,0.0,0
511,2012-05-27,62.0,73.0,51.0,0.0,0
512,2012-05-28,60.0,69.0,51.0,0.0,0
513,2012-05-29,64.0,78.0,50.0,0.0,0
514,2012-05-30,70.0,87.0,52.0,0.0,0
515,2012-05-31,72.0,92.0,52.0,0.0,0
516,2012-06-01,75.0,93.0,56.0,0.0,0
517,2012-06-02,70.0,84.0,56.0,0.0,0
518,2012-06-03,68.0,83.0,53.0,0.0,0
519,2012-06-04,58.0,64.0,52.0,0.04,1
520,2012-06-05,60.0,69.0,50.0,0.0,0
521,2012-06-06,63.0,77.0,49.0,0.0,0
522,2012-06-07,66.0,79.0,52.0,0.0,0
523,2012-06-08,66.0,78.0,54.0,0.0,0
524,2012-06-09,66.0,83.0,49.0,0.0,0
525,2012-06-10,72.0,91.0,53.0,0.0,0
526,2012-06-11,76.0,95.0,57.0,0.0,0
527,2012-06-12,74.0,90.0,58.0,0.0,0
528,2012-06-13,71.0,88.0,53.0,0.0,0
529,2012-06-14,72.0,88.0,56.0,0.0,0
530,2012-06-15,73.0,92.0,53.0,0.0,0
531,2012-06-16,80.0,103.0,57.0,0.0,0
532,2012-06-17,75.0,91.0,58.0,0.0,0
533,2012-06-18,69.0,82.0,55.0,0.0,0
534,2012-06-19,70.0,87.0,52.0,0.0,0
535,2012-06-20,76.0,95.0,57.0,0.0,0
536,2012-06-21,60.0,66.0,53.0,0.0,0
537,2012-06-22,60.0,69.0,51.0,0.0,0
538,2012-06-23,61.0,70.0,51.0,0.0,0
539,2012-06-24,61.0,72.0,49.0,0.0,0
540,2012-06-25,61.0,71.0,50.0,0.0,0
541,2012-06-26,65.0,80.0,50.0,0.0,0
542,2012-06-27,70.0,87.0,53.0,0.0,0
543,2012-06-28,70.0,82.0,57.0,0.0,0
544,2012-06-29,66.0,76.0,56.0,0.0,0
545,2012-06-30,70.0,81.0,58.0,0.0,0
546,2012-07-01,68.0,76.0,60.0,0.0,0
547,2012-07-02,70.0,82.0,57.0,0.0,0
548,2012-07-03,71.0,88.0,54.0,0.0,0
549,2012-07-04,71.0,86.0,55.0,0.0,0
550,2012-07-05,66.0,77.0,55.0,0.0,0
551,2012-07-06,71.0,88.0,54.0,0.0,0
552,2012-07-07,75.0,95.0,55.0,0.0,0
553,2012-07-08,71.0,88.0,54.0,0.0,0
554,2012-07-09,71.0,87.0,54.0,0.0,0
555,2012-07-10,75.0,97.0,53.0,0.0,0
556,2012-07-11,77.0,99.0,55.0,0.0,0
557,2012-07-12,77.0,99.0,55.0,0.0,0
558,2012-07-13,64.0,74.0,54.0,0.0,0
559,2012-07-14,68.0,80.0,55.0,0.0,0
560,2012-07-15,71.0,86.0,55.0,0.0,0
561,2012-07-16,64.0,70.0,57.0,0.0,0
562,2012-07-17,63.0,70.0,56.0,0.0,0
563,2012-07-18,65.0,77.0,53.0,0.0,0
564,2012-07-19,67.0,80.0,54.0,0.0,0
565,2012-07-20,75.0,91.0,58.0,0.0,0
566,2012-07-21,79.0,99.0,59.0,0.0,0
567,2012-07-22,76.0,95.0,57.0,0.0,0
568,2012-07-23,71.0,84.0,58.0,0.0,0
569,2012-07-24,69.0,82.0,55.0,0.0,0
570,2012-07-25,69.0,81.0,56.0,0.0,0
571,2012-07-26,66.0,76.0,55.0,0.0,0
572,2012-07-27,69.0,82.0,55.0,0.0,0
573,2012-07-28,70.0,84.0,56.0,0.0,0
574,2012-07-29,71.0,88.0,54.0,0.0,0
575,2012-07-30,75.0,96.0,54.0,0.0,0
576,2012-07-31,76.0,95.0,57.0,0.0,0
577,2012-08-01,73.0,91.0,55.0,0.0,0
578,2012-08-02,74.0,93.0,55.0,0.0,0
579,2012-08-03,72.0,89.0,54.0,0.0,0
580,2012-08-04,65.0,74.0,55.0,0.0,0
581,2012-08-05,67.0,78.0,56.0,0.0,0
582,2012-08-06,71.0,88.0,54.0,0.0,0
583,2012-08-07,74.0,91.0,56.0,0.0,0
584,2012-08-08,76.0,96.0,56.0,0.0,0
585,2012-08-09,78.0,100.0,55.0,0.0,0
586,2012-08-10,78.0,99.0,57.0,0.0,0
587,2012-08-11,76.0,98.0,54.0,0.0,0
588,2012-08-12,75.0,93.0,56.0,0.0,0
589,2012-08-13,78.0,98.0,58.0,0.0,0
590,2012-08-14,74.0,89.0,59.0,0.0,0
591,2012-08-15,71.0,85.0,57.0,0.0,0
592,2012-08-16,73.0,90.0,56.0,0.0,0
593,2012-08-17,72.0,88.0,56.0,0.0,0
594,2012-08-18,76.0,92.0,59.0,0.0,0
595,2012-08-19,71.0,86.0,55.0,0.0,0
596,2012-08-20,72.0,89.0,55.0,0.0,0
597,2012-08-21,72.0,89.0,55.0,0.0,0
598,2012-08-22,71.0,86.0,55.0,0.0,0
599,2012-08-23,70.0,85.0,55.0,0.0,0
600,2012-08-24,69.0,86.0,52.0,0.0,0
601,2012-08-25,66.0,78.0,54.0,0.0,0
602,2012-08-26,64.0,73.0,55.0,0.0,0
603,2012-08-27,71.0,87.0,54.0,0.0,0
604,2012-08-28,74.0,90.0,57.0,0.0,0
605,2012-08-29,74.0,93.0,54.0,0.0,0
606,2012-08-30,73.0,90.0,55.0,0.0,0
607,2012-08-31,62.0,68.0,56.0,0.0,0
608,2012-09-01,66.0,77.0,55.0,0.0,0
609,2012-09-02,71.0,91.0,50.0,0.0,0
610,2012-09-03,73.0,93.0,53.0,0.0,0
611,2012-09-04,70.0,88.0,52.0,0.0,0
612,2012-09-05,66.0,78.0,53.0,0.0,0
613,2012-09-06,69.0,83.0,54.0,0.0,0
614,2012-09-07,69.0,85.0,53.0,0.0,0
615,2012-09-08,69.0,81.0,56.0,0.0,0
616,2012-09-09,69.0,83.0,55.0,0.0,0
617,2012-09-10,70.0,88.0,52.0,0.0,0
618,2012-09-11,69.0,85.0,53.0,0.0,0
619,2012-09-12,69.0,84.0,53.0,0.0,0
620,2012-09-13,73.0,89.0,56.0,0.0,0
621,2012-09-14,70.0,84.0,55.0,0.0,0
622,2012-09-15,68.0,85.0,51.0,0.0,0
623,2012-09-16,67.0,85.0,49.0,0.0,0
624,2012-09-17,64.0,76.0,52.0,0.0,0
625,2012-09-18,63.0,77.0,49.0,0.0,0
626,2012-09-19,66.0,78.0,54.0,0.0,0
627,2012-09-20,68.0,82.0,53.0,0.0,0
628,2012-09-21,70.0,87.0,53.0,0.0,0
629,2012-09-22,70.0,88.0,51.0,0.0,0
630,2012-09-23,71.0,89.0,53.0,0.0,0
631,2012-09-24,68.0,82.0,53.0,0.0,0
632,2012-09-25,68.0,84.0,52.0,0.0,0
633,2012-09-26,66.0,77.0,54.0,0.0,0
634,2012-09-27,70.0,89.0,51.0,0.0,0
635,2012-09-28,64.0,75.0,53.0,0.0,0
636,2012-09-29,69.0,85.0,52.0,0.0,0
637,2012-09-30,75.0,97.0,53.0,0.0,0
638,2012-10-01,78.0,99.0,56.0,0.0,0
639,2012-10-02,80.0,100.0,59.0,0.0,0
640,2012-10-03,77.0,94.0,59.0,0.0,0
641,2012-10-04,65.0,72.0,58.0,0.0,0
642,2012-10-05,66.0,74.0,57.0,0.0,0
643,2012-10-06,63.0,73.0,52.0,0.0,0
644,2012-10-07,64.0,76.0,51.0,0.0,0
645,2012-10-08,63.0,72.0,54.0,0.0,0
646,2012-10-09,62.0,73.0,51.0,0.0,0
647,2012-10-10,64.0,76.0,51.0,0.03,1
648,2012-10-11,56.0,59.0,52.0,0.0,0
649,2012-10-12,56.0,62.0,49.0,0.0,0
650,2012-10-13,61.0,76.0,45.0,0.0,0
651,2012-10-14,66.0,77.0,55.0,0.0,0
652,2012-10-15,68.0,83.0,53.0,0.0,0
653,2012-10-16,73.0,85.0,60.0,0.0,0
654,2012-10-17,70.0,88.0,51.0,0.0,0
655,2012-10-18,70.0,87.0,52.0,0.0,0
656,2012-10-19,66.0,74.0,57.0,0.0,0
657,2012-10-20,64.0,74.0,54.0,0.0,0
658,2012-10-21,59.0,66.0,51.0,0.05,1
659,2012-10-22,57.0,63.0,50.0,0.78,1
660,2012-10-23,56.0,63.0,48.0,0.04,1
661,2012-10-24,57.0,65.0,49.0,0.05,1
662,2012-10-25,58.0,67.0,48.0,0.0,0
663,2012-10-26,59.0,75.0,43.0,0.01,1
664,2012-10-27,65.0,80.0,50.0,0.0,0
665,2012-10-28,66.0,79.0,52.0,0.0,0
666,2012-10-29,63.0,77.0,49.0,0.0,0
667,2012-10-30,61.0,71.0,50.0,0.0,0
668,2012-10-31,61.0,64.0,57.0,0.09,1
669,2012-11-01,60.0,70.0,50.0,0.11,1
670,2012-11-02,57.0,68.0,46.0,0.0,0
671,2012-11-03,61.0,73.0,48.0,0.0,0
672,2012-11-04,64.0,78.0,50.0,0.0,0
673,2012-11-05,65.0,79.0,50.0,0.0,0
674,2012-11-06,64.0,79.0,49.0,0.0,0
675,2012-11-07,59.0,69.0,48.0,0.0,0
676,2012-11-08,52.0,61.0,42.0,0.02,1
677,2012-11-09,49.0,57.0,40.0,0.18,1
678,2012-11-10,49.0,58.0,39.0,0.0,0
679,2012-11-11,46.0,57.0,35.0,0.0,0
680,2012-11-12,49.0,61.0,37.0,0.0,0
681,2012-11-13,52.0,66.0,38.0,0.0,0
682,2012-11-14,56.0,67.0,45.0,0.0,0
683,2012-11-15,53.0,66.0,39.0,0.0,0
684,2012-11-16,54.0,62.0,45.0,0.13,1
685,2012-11-17,59.0,63.0,54.0,0.43,1
686,2012-11-18,54.0,62.0,46.0,0.01,1
687,2012-11-19,59.0,67.0,50.0,0.0,0
688,2012-11-20,61.0,67.0,55.0,0.09,1
689,2012-11-21,56.0,65.0,46.0,0.56,1
690,2012-11-22,53.0,65.0,40.0,0.0,0
691,2012-11-23,52.0,65.0,39.0,0.0,0
692,2012-11-24,53.0,66.0,39.0,0.0,0
693,2012-11-25,53.0,65.0,40.0,0.0,0
694,2012-11-26,52.0,63.0,40.0,0.0,0
695,2012-11-27,53.0,63.0,43.0,0.0,0
696,2012-11-28,56.0,64.0,47.0,0.24,1
697,2012-11-29,56.0,63.0,49.0,0.11,1
698,2012-11-30,60.0,62.0,57.0,1.62,1
699,2012-12-01,60.0,63.0,56.0,0.29,1
700,2012-12-02,54.0,62.0,45.0,1.76,1
701,2012-12-03,51.0,60.0,41.0,0.0,0
702,2012-12-04,55.0,60.0,49.0,0.04,1
703,2012-12-05,57.0,58.0,55.0,0.3,1
704,2012-12-06,51.0,58.0,44.0,0.01,1
705,2012-12-07,51.0,63.0,38.0,0.0,0
706,2012-12-08,49.0,58.0,39.0,0.0,0
707,2012-12-09,52.0,65.0,38.0,0.0,0
708,2012-12-10,52.0,63.0,41.0,0.0,0
709,2012-12-11,48.0,57.0,38.0,0.0,0
710,2012-12-12,47.0,55.0,39.0,0.04,1
711,2012-12-13,44.0,53.0,34.0,0.0,0
712,2012-12-14,44.0,51.0,36.0,0.0,0
713,2012-12-15,40.0,46.0,33.0,0.17,1
714,2012-12-16,48.0,54.0,42.0,0.01,1
715,2012-12-17,52.0,57.0,46.0,0.16,1
716,2012-12-18,43.0,52.0,34.0,0.0,0
717,2012-12-19,41.0,52.0,30.0,0.0,0
718,2012-12-20,43.0,58.0,28.0,0.0,0
719,2012-12-21,54.0,58.0,50.0,0.23,1
720,2012-12-22,52.0,57.0,47.0,0.84,1
721,2012-12-23,51.0,55.0,46.0,0.57,1
722,2012-12-24,46.0,54.0,38.0,0.0,0
723,2012-12-25,44.0,50.0,38.0,0.62,1
724,2012-12-26,49.0,55.0,42.0,0.02,1
725,2012-12-27,47.0,54.0,39.0,0.0,0
726,2012-12-28,39.0,44.0,33.0,0.0,0
727,2012-12-29,46.0,53.0,38.0,0.03,1
728,2012-12-30,44.0,54.0,34.0,0.0,0
729,2012-12-31,41.0,51.0,30.0,0.0,0
730,2013-01-01,43.0,52.0,34.0,0.0,0
731,2013-01-02,42.0,54.0,29.0,0.0,0
732,2013-01-03,41.0,53.0,28.0,0.0,0
733,2013-01-04,43.0,55.0,31.0,0.0,0
734,2013-01-05,40.0,47.0,33.0,0.23,1
735,2013-01-06,43.0,49.0,37.0,0.01,1
736,2013-01-07,46.0,57.0,34.0,0.0,0
737,2013-01-08,46.0,53.0,38.0,0.0,0
738,2013-01-09,45.0,54.0,36.0,0.01,1
739,2013-01-10,43.0,51.0,35.0,0.0,0
740,2013-01-11,41.0,51.0,31.0,0.0,0
741,2013-01-12,39.0,49.0,29.0,0.0,0
742,2013-01-13,38.0,49.0,26.0,0.0,0
743,2013-01-14,39.0,50.0,28.0,0.0,0
744,2013-01-15,39.0,50.0,27.0,0.0,0
745,2013-01-16,41.0,55.0,27.0,0.0,0
746,2013-01-17,45.0,61.0,28.0,0.0,0
747,2013-01-18,45.0,61.0,28.0,0.0,0
748,2013-01-19,44.0,60.0,28.0,0.0,0
749,2013-01-20,46.0,61.0,30.0,0.0,0
750,2013-01-21,45.0,61.0,29.0,0.0,0
751,2013-01-22,45.0,58.0,31.0,0.0,0
752,2013-01-23,47.0,51.0,43.0,0.15,1
753,2013-01-24,52.0,57.0,47.0,0.0,0
754,2013-01-25,56.0,64.0,47.0,0.0,0
755,2013-01-26,51.0,59.0,43.0,0.0,0
756,2013-01-27,46.0,55.0,37.0,0.0,0
757,2013-01-28,48.0,58.0,37.0,0.0,0
758,2013-01-29,49.0,58.0,39.0,0.0,0
759,2013-01-30,50.0,63.0,36.0,0.0,0
760,2013-01-31,49.0,63.0,35.0,0.0,0
761,2013-02-01,51.0,64.0,37.0,0.0,0
762,2013-02-02,52.0,63.0,41.0,0.0,0
763,2013-02-03,50.0,60.0,40.0,0.0,0
764,2013-02-04,47.0,56.0,38.0,0.0,0
765,2013-02-05,52.0,58.0,46.0,0.0,0
766,2013-02-06,49.0,60.0,37.0,0.0,0
767,2013-02-07,48.0,55.0,40.0,0.08,1
768,2013-02-08,46.0,55.0,36.0,0.0,0
769,2013-02-09,45.0,59.0,30.0,0.0,0
770,2013-02-10,46.0,61.0,31.0,0.0,0
771,2013-02-11,48.0,63.0,33.0,0.0,0
772,2013-02-12,48.0,61.0,34.0,0.0,0
773,2013-02-13,50.0,64.0,35.0,0.0,0
774,2013-02-14,52.0,68.0,36.0,0.0,0
775,2013-02-15,54.0,69.0,38.0,0.0,0
776,2013-02-16,53.0,67.0,38.0,0.0,0
777,2013-02-17,52.0,65.0,39.0,0.0,0
778,2013-02-18,48.0,54.0,42.0,0.0,0
779,2013-02-19,44.0,49.0,39.0,0.24,1
780,2013-02-20,46.0,59.0,32.0,0.0,0
781,2013-02-21,48.0,61.0,34.0,0.0,0
782,2013-02-22,50.0,63.0,36.0,0.0,0
783,2013-02-23,50.0,60.0,40.0,0.0,0
784,2013-02-24,50.0,64.0,35.0,0.0,0
785,2013-02-25,50.0,63.0,36.0,0.0,0
786,2013-02-26,52.0,69.0,34.0,0.0,0
787,2013-02-27,52.0,68.0,36.0,0.0,0
788,2013-02-28,58.0,69.0,46.0,0.0,0
789,2013-03-01,58.0,73.0,43.0,0.0,0
790,2013-03-02,58.0,69.0,47.0,0.0,0
791,2013-03-03,58.0,67.0,48.0,0.0,0
792,2013-03-04,53.0,61.0,44.0,0.0,0
793,2013-03-05,49.0,58.0,39.0,0.07,1
794,2013-03-06,48.0,55.0,41.0,0.19,1
795,2013-03-07,48.0,57.0,38.0,0.0,0
796,2013-03-08,51.0,62.0,40.0,0.0,0
797,2013-03-09,53.0,68.0,38.0,0.0,0
798,2013-03-10,54.0,69.0,38.0,0.0,0
799,2013-03-11,56.0,73.0,39.0,0.0,0
800,2013-03-12,59.0,75.0,43.0,0.0,0
801,2013-03-13,61.0,77.0,45.0,0.0,0
802,2013-03-14,60.0,72.0,48.0,0.0,0
803,2013-03-15,59.0,73.0,45.0,0.0,0
804,2013-03-16,60.0,73.0,46.0,0.0,0
805,2013-03-17,57.0,70.0,44.0,0.0,0
806,2013-03-18,55.0,67.0,43.0,0.0,0
807,2013-03-19,58.0,68.0,48.0,0.07,1
808,2013-03-20,56.0,62.0,49.0,0.03,1
809,2013-03-21,53.0,65.0,41.0,0.0,0
810,2013-03-22,54.0,69.0,38.0,0.0,0
811,2013-03-23,53.0,69.0,37.0,0.0,0
812,2013-03-24,56.0,71.0,41.0,0.0,0
813,2013-03-25,55.0,64.0,46.0,0.0,0
814,2013-03-26,58.0,69.0,47.0,0.0,0
815,2013-03-27,57.0,65.0,48.0,0.0,0
816,2013-03-28,60.0,68.0,52.0,0.02,1
817,2013-03-29,62.0,76.0,47.0,0.0,0
818,2013-03-30,62.0,69.0,55.0,0.05,1
819,2013-03-31,59.0,66.0,52.0,0.25,1
820,2013-04-01,58.0,66.0,50.0,0.15,1
821,2013-04-02,58.0,70.0,46.0,0.0,0
822,2013-04-03,62.0,76.0,47.0,0.01,1
823,2013-04-04,59.0,65.0,52.0,0.3,1
824,2013-04-05,59.0,65.0,53.0,0.0,0
825,2013-04-06,60.0,67.0,53.0,0.0,0
826,2013-04-07,57.0,65.0,49.0,0.06,1
827,2013-04-08,58.0,69.0,46.0,0.0,0
828,2013-04-09,61.0,76.0,45.0,0.0,0
829,2013-04-10,66.0,85.0,46.0,0.0,0
830,2013-04-11,63.0,74.0,51.0,0.0,0
831,2013-04-12,63.0,78.0,48.0,0.0,0
832,2013-04-13,61.0,72.0,49.0,0.0,0
833,2013-04-14,59.0,72.0,46.0,0.0,0
834,2013-04-15,54.0,62.0,46.0,0.0,0
835,2013-04-16,54.0,68.0,40.0,0.0,0
836,2013-04-17,59.0,70.0,48.0,0.0,0
837,2013-04-18,60.0,77.0,42.0,0.0,0
838,2013-04-19,64.0,81.0,47.0,0.0,0
839,2013-04-20,66.0,82.0,50.0,0.0,0
840,2013-04-21,67.0,85.0,48.0,0.0,0
841,2013-04-22,70.0,89.0,51.0,0.0,0
842,2013-04-23,67.0,84.0,50.0,0.0,0
843,2013-04-24,59.0,73.0,45.0,0.0,0
844,2013-04-25,59.0,66.0,51.0,0.0,0
845,2013-04-26,62.0,75.0,49.0,0.0,0
846,2013-04-27,63.0,80.0,46.0,0.0,0
847,2013-04-28,69.0,89.0,48.0,0.0,0
848,2013-04-29,73.0,90.0,55.0,0.0,0
849,2013-04-30,70.0,85.0,54.0,0.0,0
850,2013-05-01,72.0,86.0,58.0,0.0,0
851,2013-05-02,71.0,91.0,51.0,0.0,0
852,2013-05-03,72.0,91.0,53.0,0.0,0
853,2013-05-04,71.0,90.0,52.0,0.0,0
854,2013-05-05,61.0,69.0,53.0,0.0,0
855,2013-05-06,63.0,70.0,55.0,0.0,0
856,2013-05-07,65.0,73.0,56.0,0.0,0
857,2013-05-08,61.0,69.0,53.0,0.0,0
858,2013-05-09,62.0,73.0,51.0,0.0,0
859,2013-05-10,66.0,80.0,51.0,0.0,0
860,2013-05-11,71.0,91.0,51.0,0.0,0
861,2013-05-12,69.0,86.0,52.0,0.0,0
862,2013-05-13,70.0,85.0,54.0,0.0,0
863,2013-05-14,66.0,78.0,53.0,0.0,0
864,2013-05-15,61.0,71.0,51.0,0.0,0
865,2013-05-16,63.0,72.0,54.0,0.0,0
866,2013-05-17,62.0,72.0,51.0,0.0,0
867,2013-05-18,64.0,78.0,50.0,0.0,0
868,2013-05-19,69.0,85.0,52.0,0.0,0
869,2013-05-20,71.0,91.0,51.0,0.0,0
870,2013-05-21,63.0,74.0,52.0,0.0,0
871,2013-05-22,57.0,69.0,45.0,0.0,0
872,2013-05-23,60.0,72.0,47.0,0.0,0
873,2013-05-24,62.0,74.0,50.0,0.0,0
874,2013-05-25,61.0,71.0,50.0,0.0,0
875,2013-05-26,63.0,73.0,53.0,0.0,0
876,2013-05-27,59.0,65.0,52.0,0.02,1
877,2013-05-28,66.0,75.0,56.0,0.0,0
878,2013-05-29,66.0,75.0,56.0,0.0,0
879,2013-05-30,67.0,81.0,52.0,0.0,0
880,2013-05-31,72.0,91.0,52.0,0.0,0
881,2013-06-01,77.0,97.0,56.0,0.0,0
882,2013-06-02,75.0,90.0,59.0,0.0,0
883,2013-06-03,64.0,75.0,53.0,0.0,0
884,2013-06-04,62.0,70.0,54.0,0.0,0
885,2013-06-05,65.0,77.0,53.0,0.0,0
886,2013-06-06,68.0,84.0,52.0,0.0,0
887,2013-06-07,75.0,97.0,53.0,0.0,0
888,2013-06-08,78.0,97.0,58.0,0.0,0
889,2013-06-09,63.0,69.0,57.0,0.0,0
890,2013-06-10,64.0,72.0,56.0,0.0,0
891,2013-06-11,68.0,81.0,55.0,0.0,0
892,2013-06-12,68.0,83.0,53.0,0.0,0
893,2013-06-13,68.0,83.0,53.0,0.0,0
894,2013-06-14,72.0,89.0,55.0,0.0,0
895,2013-06-15,67.0,81.0,53.0,0.0,0
896,2013-06-16,69.0,84.0,53.0,0.0,0
897,2013-06-17,68.0,81.0,55.0,0.0,0
898,2013-06-18,64.0,73.0,54.0,0.0,0
899,2013-06-19,66.0,78.0,54.0,0.0,0
900,2013-06-20,67.0,81.0,52.0,0.0,0
901,2013-06-21,69.0,85.0,53.0,0.0,0
902,2013-06-22,74.0,91.0,56.0,0.0,0
903,2013-06-23,64.0,70.0,57.0,0.0,0
904,2013-06-24,63.0,66.0,59.0,0.11,1
905,2013-06-25,69.0,76.0,62.0,0.01,1
906,2013-06-26,73.0,84.0,62.0,0.0,0
907,2013-06-27,76.0,92.0,60.0,0.0,0
908,2013-06-28,83.0,103.0,63.0,0.0,0
909,2013-06-29,85.0,104.0,65.0,0.0,0
910,2013-06-30,82.0,99.0,64.0,0.0,0
911,2013-07-01,82.0,101.0,63.0,0.0,0
912,2013-07-02,82.0,102.0,62.0,0.0,0
913,2013-07-03,80.0,100.0,59.0,0.0,0
914,2013-07-04,84.0,101.0,67.0,0.0,0
915,2013-07-05,66.0,75.0,57.0,0.0,0
916,2013-07-06,69.0,81.0,56.0,0.0,0
917,2013-07-07,71.0,87.0,54.0,0.0,0
918,2013-07-08,71.0,88.0,53.0,0.0,0
919,2013-07-09,75.0,95.0,54.0,0.0,0
920,2013-07-10,74.0,92.0,55.0,0.0,0
921,2013-07-11,68.0,83.0,53.0,0.0,0
922,2013-07-12,69.0,83.0,54.0,0.0,0
923,2013-07-13,72.0,90.0,54.0,0.0,0
924,2013-07-14,70.0,87.0,53.0,0.0,0
925,2013-07-15,64.0,76.0,52.0,0.0,0
926,2013-07-16,64.0,70.0,57.0,0.0,0
927,2013-07-17,71.0,85.0,57.0,0.0,0
928,2013-07-18,71.0,89.0,53.0,0.0,0
929,2013-07-19,73.0,92.0,53.0,0.0,0
930,2013-07-20,73.0,90.0,55.0,0.0,0
931,2013-07-21,74.0,92.0,55.0,0.0,0
932,2013-07-22,70.0,83.0,56.0,0.0,0
933,2013-07-23,72.0,83.0,61.0,0.0,0
934,2013-07-24,76.0,93.0,58.0,0.0,0
935,2013-07-25,73.0,89.0,57.0,0.0,0
936,2013-07-26,72.0,88.0,56.0,0.0,0
937,2013-07-27,68.0,81.0,55.0,0.0,0
938,2013-07-28,67.0,79.0,55.0,0.0,0
939,2013-07-29,63.0,71.0,55.0,0.0,0
940,2013-07-30,68.0,80.0,55.0,0.0,0
941,2013-07-31,68.0,82.0,54.0,0.0,0
942,2013-08-01,68.0,79.0,56.0,0.0,0
943,2013-08-02,72.0,88.0,56.0,0.0,0
944,2013-08-03,70.0,84.0,55.0,0.0,0
945,2013-08-04,69.0,82.0,55.0,0.0,0
946,2013-08-05,67.0,80.0,54.0,0.0,0
947,2013-08-06,64.0,74.0,54.0,0.0,0
948,2013-08-07,64.0,71.0,57.0,0.0,0
949,2013-08-08,67.0,78.0,56.0,0.0,0
950,2013-08-09,67.0,77.0,56.0,0.0,0
951,2013-08-10,69.0,80.0,57.0,0.0,0
952,2013-08-11,71.0,85.0,56.0,0.0,0
953,2013-08-12,72.0,87.0,56.0,0.0,0
954,2013-08-13,74.0,93.0,54.0,0.0,0
955,2013-08-14,75.0,90.0,59.0,0.0,0
956,2013-08-15,75.0,88.0,62.0,0.0,0
957,2013-08-16,77.0,91.0,63.0,0.0,0
958,2013-08-17,73.0,84.0,61.0,0.0,0
959,2013-08-18,78.0,97.0,58.0,0.0,0
960,2013-08-19,79.0,93.0,64.0,0.0,0
961,2013-08-20,73.0,87.0,58.0,0.0,0
962,2013-08-21,70.0,82.0,57.0,0.0,0
963,2013-08-22,68.0,78.0,57.0,0.0,0
964,2013-08-23,71.0,84.0,57.0,0.0,0
965,2013-08-24,72.0,84.0,59.0,0.0,0
966,2013-08-25,73.0,84.0,61.0,0.0,0
967,2013-08-26,71.0,82.0,60.0,0.0,0
968,2013-08-27,73.0,88.0,57.0,0.0,0
969,2013-08-28,73.0,86.0,59.0,0.0,0
970,2013-08-29,73.0,85.0,61.0,0.0,0
971,2013-08-30,78.0,94.0,62.0,0.0,0
972,2013-08-31,75.0,88.0,62.0,0.0,0
973,2013-09-01,74.0,86.0,61.0,0.0,0
974,2013-09-02,74.0,83.0,65.0,0.0,0
975,2013-09-03,70.0,81.0,59.0,0.0,0
976,2013-09-04,72.0,83.0,60.0,0.0,0
977,2013-09-05,72.0,83.0,60.0,0.0,0
978,2013-09-06,75.0,93.0,56.0,0.0,0
979,2013-09-07,77.0,96.0,58.0,0.0,0
980,2013-09-08,77.0,96.0,58.0,0.0,0
981,2013-09-09,78.0,98.0,58.0,0.0,0
982,2013-09-10,69.0,78.0,59.0,0.0,0
983,2013-09-11,69.0,75.0,62.0,0.0,0
984,2013-09-12,72.0,83.0,60.0,0.0,0
985,2013-09-13,72.0,86.0,58.0,0.0,0
986,2013-09-14,67.0,76.0,57.0,0.0,0
987,2013-09-15,69.0,81.0,56.0,0.0,0
988,2013-09-16,72.0,85.0,59.0,0.0,0
989,2013-09-17,68.0,78.0,58.0,0.0,0
990,2013-09-18,69.0,85.0,53.0,0.0,0
991,2013-09-19,71.0,90.0,51.0,0.0,0
992,2013-09-20,65.0,75.0,54.0,0.0,0
993,2013-09-21,62.0,68.0,56.0,0.65,1
994,2013-09-22,62.0,74.0,50.0,0.01,1
995,2013-09-23,68.0,82.0,53.0,0.0,0
996,2013-09-24,68.0,77.0,59.0,0.0,0
997,2013-09-25,64.0,72.0,55.0,0.0,0
998,2013-09-26,62.0,76.0,47.0,0.0,0
999,2013-09-27,63.0,78.0,48.0,0.0,0
1000,2013-09-28,66.0,83.0,49.0,0.0,0
1001,2013-09-29,67.0,77.0,57.0,0.0,0
1002,2013-09-30,67.0,76.0,58.0,0.0,0
1003,2013-10-01,64.0,75.0,53.0,0.0,0
1004,2013-10-02,65.0,79.0,51.0,0.0,0
1005,2013-10-03,60.0,74.0,45.0,0.0,0
1006,2013-10-04,68.0,80.0,55.0,0.0,0
1007,2013-10-05,66.0,83.0,49.0,0.0,0
1008,2013-10-06,66.0,84.0,47.0,0.0,0
1009,2013-10-07,67.0,84.0,50.0,0.0,0
1010,2013-10-08,63.0,77.0,48.0,0.0,0
1011,2013-10-09,62.0,72.0,51.0,0.0,0
1012,2013-10-10,62.0,74.0,49.0,0.0,0
1013,2013-10-11,58.0,71.0,45.0,0.0,0
1014,2013-10-12,60.0,75.0,44.0,0.0,0
1015,2013-10-13,61.0,74.0,47.0,0.0,0
1016,2013-10-14,61.0,77.0,45.0,0.0,0
1017,2013-10-15,63.0,80.0,45.0,0.0,0
1018,2013-10-16,64.0,80.0,47.0,0.0,0
1019,2013-10-17,65.0,81.0,48.0,0.0,0
1020,2013-10-18,64.0,82.0,45.0,0.0,0
1021,2013-10-19,64.0,82.0,45.0,0.0,0
1022,2013-10-20,62.0,80.0,43.0,0.0,0
1023,2013-10-21,60.0,74.0,46.0,0.0,0
1024,2013-10-22,63.0,80.0,45.0,0.0,0
1025,2013-10-23,60.0,75.0,44.0,0.01,1
1026,2013-10-24,55.0,64.0,46.0,0.0,0
1027,2013-10-25,59.0,71.0,47.0,0.0,0
1028,2013-10-26,62.0,80.0,43.0,0.0,0
1029,2013-10-27,53.0,62.0,44.0,0.0,0
1030,2013-10-28,56.0,64.0,48.0,0.0,0
1031,2013-10-29,54.0,62.0,45.0,0.0,0
1032,2013-10-30,55.0,67.0,43.0,0.0,0
1033,2013-10-31,58.0,72.0,44.0,0.0,0
1034,2013-11-01,58.0,73.0,43.0,0.0,0
1035,2013-11-02,59.0,74.0,43.0,0.0,0
1036,2013-11-03,52.0,65.0,39.0,0.0,0
1037,2013-11-04,54.0,70.0,37.0,0.0,0
1038,2013-11-05,56.0,71.0,40.0,0.0,0
1039,2013-11-06,56.0,69.0,42.0,0.0,0
1040,2013-11-07,61.0,75.0,46.0,0.0,0
1041,2013-11-08,60.0,75.0,45.0,0.0,0
1042,2013-11-09,58.0,72.0,43.0,0.0,0
1043,2013-11-10,54.0,66.0,42.0,0.0,0
1044,2013-11-11,56.0,68.0,43.0,0.0,0
1045,2013-11-12,61.0,71.0,50.0,0.01,1
1046,2013-11-13,62.0,77.0,47.0,0.0,0
1047,2013-11-14,56.0,66.0,45.0,0.0,0
1048,2013-11-15,55.0,67.0,43.0,0.0,0
1049,2013-11-16,57.0,66.0,47.0,0.0,0
1050,2013-11-17,54.0,64.0,44.0,0.0,0
1051,2013-11-18,50.0,60.0,40.0,0.0,0
1052,2013-11-19,55.0,59.0,51.0,0.59,1
1053,2013-11-20,56.0,60.0,52.0,0.51,1
1054,2013-11-21,57.0,62.0,51.0,0.24,1
1055,2013-11-22,60.0,69.0,50.0,0.0,0
1056,2013-11-23,52.0,62.0,41.0,0.0,0
1057,2013-11-24,50.0,62.0,37.0,0.0,0
1058,2013-11-25,49.0,62.0,36.0,0.0,0
1059,2013-11-26,49.0,60.0,38.0,0.0,0
1060,2013-11-27,51.0,61.0,40.0,0.0,0
1061,2013-11-28,56.0,70.0,41.0,0.0,0
1062,2013-11-29,54.0,68.0,40.0,0.0,0
1063,2013-11-30,54.0,66.0,41.0,0.0,0
1064,2013-12-01,54.0,68.0,39.0,0.0,0
1065,2013-12-02,53.0,67.0,39.0,0.0,0
1066,2013-12-03,48.0,57.0,39.0,0.0,0
1067,2013-12-04,40.0,51.0,29.0,0.0,0
1068,2013-12-05,38.0,50.0,25.0,0.0,0
1069,2013-12-06,38.0,49.0,26.0,0.45,1
1070,2013-12-07,40.0,48.0,31.0,0.01,1
1071,2013-12-08,36.0,43.0,28.0,0.0,0
1072,2013-12-09,38.0,47.0,28.0,0.0,0
1073,2013-12-10,38.0,51.0,24.0,0.0,0
1074,2013-12-11,40.0,53.0,27.0,0.0,0
1075,2013-12-12,43.0,58.0,28.0,0.0,0
1076,2013-12-13,45.0,60.0,30.0,0.0,0
1077,2013-12-14,44.0,58.0,30.0,0.0,0
1078,2013-12-15,45.0,61.0,29.0,0.0,0
1079,2013-12-16,50.0,65.0,34.0,0.0,0
1080,2013-12-17,51.0,64.0,37.0,0.0,0
1081,2013-12-18,50.0,65.0,35.0,0.0,0
1082,2013-12-19,49.0,61.0,36.0,0.0,0
1083,2013-12-20,46.0,62.0,30.0,0.0,0
1084,2013-12-21,48.0,61.0,35.0,0.0,0
1085,2013-12-22,47.0,62.0,32.0,0.0,0
1086,2013-12-23,48.0,61.0,34.0,0.0,0
1087,2013-12-24,53.0,67.0,38.0,0.0,0
1088,2013-12-25,48.0,63.0,32.0,0.0,0
1089,2013-12-26,48.0,64.0,31.0,0.0,0
1090,2013-12-27,46.0,59.0,32.0,0.0,0
1091,2013-12-28,49.0,67.0,31.0,0.0,0
1092,2013-12-29,47.0,61.0,33.0,0.0,0
1093,2013-12-30,46.0,61.0,31.0,0.0,0
1094,2013-12-31,49.0,63.0,34.0,0.0,0
1095,2014-01-01,47.0,63.0,31.0,0.0,0
1096,2014-01-02,49.0,64.0,33.0,0.0,0
1097,2014-01-03,51.0,66.0,35.0,0.0,0
1098,2014-01-04,51.0,68.0,34.0,0.0,0
1099,2014-01-05,51.0,65.0,36.0,0.0,0
1100,2014-01-06,47.0,59.0,34.0,0.0,0
1101,2014-01-07,51.0,64.0,38.0,0.0,0
1102,2014-01-08,54.0,59.0,48.0,0.0,0
1103,2014-01-09,55.0,63.0,47.0,0.0,0
1104,2014-01-10,51.0,62.0,39.0,0.0,0
1105,2014-01-11,50.0,59.0,41.0,0.0,0
1106,2014-01-12,49.0,62.0,36.0,0.0,0
1107,2014-01-13,50.0,63.0,37.0,0.0,0
1108,2014-01-14,51.0,67.0,34.0,0.0,0
1109,2014-01-15,53.0,70.0,35.0,0.0,0
1110,2014-01-16,52.0,71.0,33.0,0.0,0
1111,2014-01-17,50.0,67.0,33.0,0.0,0
1112,2014-01-18,51.0,69.0,33.0,0.0,0
1113,2014-01-19,49.0,66.0,31.0,0.0,0
1114,2014-01-20,51.0,68.0,33.0,0.0,0
1115,2014-01-21,51.0,70.0,32.0,0.0,0
1116,2014-01-22,52.0,70.0,34.0,0.0,0
1117,2014-01-23,51.0,66.0,35.0,0.0,0
1118,2014-01-24,55.0,71.0,38.0,0.0,0
1119,2014-01-25,58.0,73.0,42.0,0.0,0
1120,2014-01-26,54.0,68.0,40.0,0.0,0
1121,2014-01-27,51.0,63.0,39.0,0.0,0
1122,2014-01-28,59.0,68.0,50.0,0.0,0
1123,2014-01-29,60.0,65.0,54.0,0.01,1
1124,2014-01-30,57.0,64.0,50.0,0.09,1
1125,2014-01-31,51.0,62.0,40.0,0.0,0
1126,2014-02-01,47.0,61.0,33.0,0.0,0
1127,2014-02-02,46.0,51.0,40.0,0.22,1
1128,2014-02-03,47.0,57.0,36.0,0.0,0
1129,2014-02-04,46.0,55.0,36.0,0.0,0
1130,2014-02-05,46.0,56.0,35.0,0.14,1
1131,2014-02-06,48.0,52.0,44.0,0.56,1
1132,2014-02-07,52.0,54.0,50.0,0.21,1
1133,2014-02-08,56.0,60.0,52.0,0.64,1
1134,2014-02-09,58.0,60.0,56.0,0.83,1
1135,2014-02-10,56.0,61.0,51.0,0.01,1
1136,2014-02-11,53.0,62.0,44.0,0.01,1
1137,2014-02-12,52.0,61.0,43.0,0.0,0
1138,2014-02-13,60.0,69.0,50.0,0.0,0
1139,2014-02-14,58.0,65.0,51.0,0.0,0
1140,2014-02-15,56.0,62.0,49.0,0.0,0
1141,2014-02-16,55.0,65.0,44.0,0.0,0
1142,2014-02-17,51.0,63.0,39.0,0.0,0
1143,2014-02-18,54.0,65.0,42.0,0.0,0
1144,2014-02-19,57.0,66.0,47.0,0.0,0
1145,2014-02-20,54.0,68.0,40.0,0.0,0
1146,2014-02-21,57.0,72.0,41.0,0.0,0
1147,2014-02-22,57.0,72.0,41.0,0.0,0
1148,2014-02-23,56.0,71.0,40.0,0.0,0
1149,2014-02-24,57.0,73.0,41.0,0.0,0
1150,2014-02-25,54.0,65.0,43.0,0.0,0
1151,2014-02-26,55.0,59.0,51.0,0.78,1
1152,2014-02-27,60.0,66.0,53.0,0.04,1
1153,2014-02-28,57.0,61.0,52.0,1.05,1
1154,2014-03-01,59.0,67.0,50.0,0.0,0
1155,2014-03-02,54.0,60.0,48.0,0.03,1
1156,2014-03-03,54.0,60.0,48.0,0.1,1
1157,2014-03-04,57.0,61.0,52.0,0.01,1
1158,2014-03-05,60.0,68.0,52.0,0.33,1
1159,2014-03-06,59.0,67.0,51.0,0.01,1
1160,2014-03-07,56.0,69.0,42.0,0.0,0
1161,2014-03-08,58.0,71.0,44.0,0.0,0
1162,2014-03-09,62.0,69.0,54.0,0.0,0
1163,2014-03-10,59.0,68.0,50.0,0.01,1
1164,2014-03-11,57.0,71.0,42.0,0.0,0
1165,2014-03-12,61.0,74.0,48.0,0.0,0
1166,2014-03-13,60.0,78.0,44.0,0.0,0
1167,2014-03-14,62.0,74.0,50.0,0.0,0
1168,2014-03-15,64.0,80.0,47.0,0.0,0
1169,2014-03-16,63.0,79.0,46.0,0.0,0
1170,2014-03-17,60.0,70.0,49.0,0.0,0
1171,2014-03-18,57.0,71.0,42.0,0.0,0
1172,2014-03-19,58.0,74.0,42.0,0.0,0
1173,2014-03-20,63.0,77.0,48.0,0.0,0
1174,2014-03-21,59.0,71.0,46.0,0.0,0
1175,2014-03-22,58.0,72.0,44.0,0.0,0
1176,2014-03-23,58.0,73.0,43.0,0.0,0
1177,2014-03-24,62.0,78.0,45.0,0.0,0
1178,2014-03-25,55.0,63.0,46.0,0.01,1
1179,2014-03-26,57.0,63.0,50.0,0.38,1
1180,2014-03-27,56.0,64.0,47.0,0.04,1
1181,2014-03-28,61.0,70.0,51.0,0.0,0
1182,2014-03-29,54.0,58.0,50.0,0.34,1
1183,2014-03-30,53.0,62.0,44.0,0.0,0
1184,2014-03-31,51.0,57.0,44.0,0.61,1
1185,2014-04-01,50.0,56.0,43.0,0.49,1
1186,2014-04-02,53.0,62.0,44.0,0.01,1
1187,2014-04-03,55.0,65.0,45.0,0.0,0
1188,2014-04-04,54.0,60.0,47.0,0.33,1
1189,2014-04-05,55.0,68.0,42.0,0.0,0
1190,2014-04-06,63.0,79.0,47.0,0.0,0
1191,2014-04-07,66.0,81.0,51.0,0.0,0
1192,2014-04-08,68.0,82.0,53.0,0.0,0
1193,2014-04-09,65.0,78.0,51.0,0.0,0
1194,2014-04-10,63.0,81.0,45.0,0.0,0
1195,2014-04-11,61.0,72.0,50.0,0.0,0
1196,2014-04-12,59.0,69.0,49.0,0.0,0
1197,2014-04-13,66.0,79.0,52.0,0.0,0
1198,2014-04-14,64.0,79.0,48.0,0.0,0
1199,2014-04-15,63.0,76.0,50.0,0.0,0
1200,2014-04-16,66.0,81.0,51.0,0.0,0
1201,2014-04-17,64.0,78.0,50.0,0.0,0
1202,2014-04-18,64.0,76.0,52.0,0.0,0
1203,2014-04-19,60.0,70.0,50.0,0.0,0
1204,2014-04-20,66.0,82.0,50.0,0.0,0
1205,2014-04-21,63.0,72.0,53.0,0.0,0
1206,2014-04-22,58.0,66.0,50.0,0.0,0
1207,2014-04-23,56.0,69.0,43.0,0.0,0
1208,2014-04-24,61.0,69.0,53.0,0.0,0
1209,2014-04-25,53.0,58.0,48.0,0.68,1
1210,2014-04-26,54.0,64.0,44.0,0.0,0
1211,2014-04-27,59.0,66.0,51.0,0.0,0
1212,2014-04-28,61.0,75.0,47.0,0.0,0
1213,2014-04-29,69.0,88.0,49.0,0.0,0
1214,2014-04-30,71.0,88.0,54.0,0.0,0
1215,2014-05-01,74.0,93.0,55.0,0.0,0
1216,2014-05-02,69.0,86.0,52.0,0.0,0
1217,2014-05-03,63.0,71.0,54.0,0.0,0
1218,2014-05-04,62.0,70.0,53.0,0.0,0
1219,2014-05-05,62.0,70.0,53.0,0.0,0
1220,2014-05-06,62.0,73.0,51.0,0.0,0
1221,2014-05-07,61.0,72.0,50.0,0.0,0
1222,2014-05-08,60.0,67.0,53.0,0.0,0
1223,2014-05-09,63.0,72.0,54.0,0.0,0
1224,2014-05-10,61.0,72.0,50.0,0.0,0
1225,2014-05-11,64.0,81.0,46.0,0.0,0
1226,2014-05-12,69.0,88.0,50.0,0.0,0
1227,2014-05-13,73.0,93.0,53.0,0.0,0
1228,2014-05-14,76.0,96.0,56.0,0.0,0
1229,2014-05-15,74.0,93.0,54.0,0.0,0
1230,2014-05-16,70.0,87.0,53.0,0.0,0
1231,2014-05-17,66.0,77.0,55.0,0.0,0
1232,2014-05-18,66.0,76.0,56.0,0.0,0
1233,2014-05-19,64.0,72.0,55.0,0.0,0
1234,2014-05-20,64.0,75.0,52.0,0.0,0
1235,2014-05-21,69.0,82.0,55.0,0.0,0
1236,2014-05-22,68.0,82.0,54.0,0.0,0
1237,2014-05-23,70.0,86.0,53.0,0.0,0
1238,2014-05-24,73.0,87.0,59.0,0.0,0
1239,2014-05-25,75.0,91.0,58.0,0.0,0
1240,2014-05-26,74.0,89.0,58.0,0.0,0
1241,2014-05-27,69.0,83.0,54.0,0.0,0
1242,2014-05-28,68.0,81.0,54.0,0.0,0
1243,2014-05-29,69.0,85.0,53.0,0.0,0
1244,2014-05-30,64.0,75.0,52.0,0.0,0
1245,2014-05-31,68.0,82.0,53.0,0.0,0
1246,2014-06-01,71.0,89.0,52.0,0.0,0
1247,2014-06-02,62.0,72.0,52.0,0.0,0
1248,2014-06-03,67.0,80.0,53.0,0.0,0
1249,2014-06-04,72.0,90.0,53.0,0.0,0
1250,2014-06-05,71.0,87.0,54.0,0.0,0
1251,2014-06-06,69.0,83.0,54.0,0.0,0
1252,2014-06-07,72.0,90.0,53.0,0.0,0
1253,2014-06-08,79.0,101.0,56.0,0.0,0
1254,2014-06-09,80.0,100.0,60.0,0.0,0
1255,2014-06-10,71.0,84.0,57.0,0.0,0
1256,2014-06-11,64.0,72.0,56.0,0.0,0
1257,2014-06-12,65.0,77.0,53.0,0.0,0
1258,2014-06-13,70.0,85.0,55.0,0.0,0
1259,2014-06-14,73.0,89.0,56.0,0.0,0
1260,2014-06-15,67.0,78.0,55.0,0.0,0
1261,2014-06-16,63.0,71.0,54.0,0.0,0
1262,2014-06-17,68.0,82.0,53.0,0.0,0
1263,2014-06-18,72.0,91.0,53.0,0.0,0
1264,2014-06-19,72.0,90.0,53.0,0.0,0
1265,2014-06-20,74.0,91.0,56.0,0.0,0
1266,2014-06-21,68.0,80.0,56.0,0.0,0
1267,2014-06-22,70.0,86.0,54.0,0.0,0
1268,2014-06-23,72.0,89.0,54.0,0.0,0
1269,2014-06-24,74.0,87.0,60.0,0.0,0
1270,2014-06-25,68.0,77.0,58.0,0.0,0
1271,2014-06-26,68.0,76.0,60.0,0.0,0
1272,2014-06-27,69.0,81.0,57.0,0.0,0
1273,2014-06-28,73.0,87.0,58.0,0.0,0
1274,2014-06-29,78.0,96.0,60.0,0.0,0
1275,2014-06-30,81.0,101.0,60.0,0.0,0
1276,2014-07-01,69.0,81.0,57.0,0.0,0
1277,2014-07-02,71.0,85.0,57.0,0.0,0
1278,2014-07-03,73.0,88.0,57.0,0.0,0
1279,2014-07-04,74.0,92.0,55.0,0.0,0
1280,2014-07-05,73.0,94.0,52.0,0.0,0
1281,2014-07-06,75.0,95.0,54.0,0.0,0
1282,2014-07-07,68.0,79.0,57.0,0.0,0
1283,2014-07-08,75.0,90.0,59.0,0.0,0
1284,2014-07-09,69.0,80.0,57.0,0.0,0
1285,2014-07-10,67.0,75.0,58.0,0.0,0
1286,2014-07-11,69.0,77.0,60.0,0.0,0
1287,2014-07-12,71.0,84.0,58.0,0.0,0
1288,2014-07-13,75.0,94.0,56.0,0.0,0
1289,2014-07-14,80.0,99.0,61.0,0.0,0
1290,2014-07-15,74.0,88.0,60.0,0.0,0
1291,2014-07-16,70.0,77.0,62.0,0.0,0
1292,2014-07-17,69.0,75.0,62.0,0.0,0
1293,2014-07-18,69.0,77.0,61.0,0.0,0
1294,2014-07-19,73.0,85.0,61.0,0.0,0
1295,2014-07-20,70.0,78.0,62.0,0.0,0
1296,2014-07-21,70.0,77.0,62.0,0.0,0
1297,2014-07-22,71.0,80.0,61.0,0.0,0
1298,2014-07-23,73.0,82.0,64.0,0.0,0
1299,2014-07-24,77.0,94.0,60.0,0.0,0
1300,2014-07-25,81.0,100.0,61.0,0.0,0
1301,2014-07-26,80.0,100.0,60.0,0.0,0
1302,2014-07-27,82.0,99.0,64.0,0.0,0
1303,2014-07-28,77.0,95.0,59.0,0.0,0
1304,2014-07-29,78.0,96.0,60.0,0.0,0
1305,2014-07-30,78.0,96.0,59.0,0.0,0
1306,2014-07-31,77.0,96.0,58.0,0.0,0
1307,2014-08-01,79.0,97.0,60.0,0.0,0
1308,2014-08-02,74.0,89.0,58.0,0.0,0
1309,2014-08-03,71.0,83.0,59.0,0.0,0
1310,2014-08-04,69.0,79.0,59.0,0.01,1
1311,2014-08-05,70.0,78.0,61.0,0.08,1
1312,2014-08-06,76.0,89.0,62.0,0.0,0
1313,2014-08-07,75.0,90.0,60.0,0.0,0
1314,2014-08-08,76.0,92.0,59.0,0.0,0
1315,2014-08-09,69.0,80.0,58.0,0.0,0
1316,2014-08-10,71.0,83.0,59.0,0.0,0
1317,2014-08-11,74.0,89.0,58.0,0.0,0
1318,2014-08-12,69.0,78.0,60.0,0.0,0
1319,2014-08-13,71.0,84.0,57.0,0.0,0
1320,2014-08-14,73.0,87.0,58.0,0.0,0
1321,2014-08-15,74.0,90.0,58.0,0.0,0
1322,2014-08-16,74.0,90.0,58.0,0.0,0
1323,2014-08-17,72.0,89.0,55.0,0.0,0
1324,2014-08-18,72.0,85.0,59.0,0.0,0
1325,2014-08-19,69.0,77.0,60.0,0.0,0
1326,2014-08-20,66.0,71.0,60.0,0.0,0
1327,2014-08-21,74.0,87.0,60.0,0.0,0
1328,2014-08-22,72.0,84.0,59.0,0.0,0
1329,2014-08-23,71.0,87.0,54.0,0.0,0
1330,2014-08-24,69.0,81.0,57.0,0.0,0
1331,2014-08-25,68.0,76.0,59.0,0.0,0
1332,2014-08-26,72.0,86.0,57.0,0.0,0
1333,2014-08-27,76.0,92.0,60.0,0.0,0
1334,2014-08-28,76.0,93.0,59.0,0.0,0
1335,2014-08-29,74.0,88.0,60.0,0.0,0
1336,2014-08-30,77.0,93.0,61.0,0.0,0
1337,2014-08-31,78.0,93.0,62.0,0.0,0
1338,2014-09-01,78.0,97.0,59.0,0.0,0
1339,2014-09-02,72.0,84.0,59.0,0.0,0
1340,2014-09-03,73.0,86.0,60.0,0.0,0
1341,2014-09-04,72.0,86.0,57.0,0.0,0
1342,2014-09-05,71.0,83.0,59.0,0.0,0
1343,2014-09-06,71.0,85.0,57.0,0.0,0
1344,2014-09-07,70.0,85.0,55.0,0.0,0
1345,2014-09-08,65.0,75.0,54.0,0.0,0
1346,2014-09-09,71.0,86.0,55.0,0.0,0
1347,2014-09-10,75.0,97.0,52.0,0.0,0
1348,2014-09-11,78.0,97.0,59.0,0.0,0
1349,2014-09-12,77.0,97.0,57.0,0.0,0
1350,2014-09-13,77.0,94.0,59.0,0.0,0
1351,2014-09-14,75.0,90.0,59.0,0.0,0
1352,2014-09-15,73.0,85.0,61.0,0.0,0
1353,2014-09-16,74.0,88.0,59.0,0.0,0
1354,2014-09-17,73.0,87.0,59.0,0.0,0
1355,2014-09-18,72.0,81.0,63.0,0.01,1
1356,2014-09-19,72.0,84.0,59.0,0.0,0
1357,2014-09-20,71.0,81.0,60.0,0.0,0
1358,2014-09-21,69.0,75.0,63.0,0.0,0
1359,2014-09-22,73.0,85.0,61.0,0.0,0
1360,2014-09-23,72.0,85.0,59.0,0.0,0
1361,2014-09-24,72.0,80.0,64.0,0.0,0
1362,2014-09-25,67.0,76.0,58.0,0.27,1
1363,2014-09-26,67.0,76.0,57.0,0.0,0
1364,2014-09-27,69.0,80.0,57.0,0.0,0
1365,2014-09-28,69.0,78.0,60.0,0.0,0
1366,2014-09-29,68.0,80.0,55.0,0.0,0
1367,2014-09-30,71.0,82.0,59.0,0.0,0
1368,2014-10-01,71.0,88.0,53.0,0.0,0
1369,2014-10-02,71.0,89.0,52.0,0.0,0
1370,2014-10-03,75.0,94.0,56.0,0.0,0
1371,2014-10-04,76.0,95.0,56.0,0.0,0
1372,2014-10-05,75.0,97.0,53.0,0.0,0
1373,2014-10-06,76.0,95.0,56.0,0.0,0
1374,2014-10-07,72.0,90.0,53.0,0.0,0
1375,2014-10-08,74.0,94.0,54.0,0.0,0
1376,2014-10-09,70.0,84.0,55.0,0.0,0
1377,2014-10-10,68.0,81.0,55.0,0.0,0
1378,2014-10-11,71.0,86.0,56.0,0.0,0
1379,2014-10-12,73.0,93.0,53.0,0.0,0
1380,2014-10-13,70.0,87.0,53.0,0.0,0
1381,2014-10-14,63.0,72.0,54.0,0.0,0
1382,2014-10-15,64.0,71.0,57.0,0.03,1
1383,2014-10-16,63.0,74.0,51.0,0.0,0
1384,2014-10-17,64.0,76.0,52.0,0.0,0
1385,2014-10-18,68.0,80.0,55.0,0.0,0
1386,2014-10-19,68.0,80.0,55.0,0.0,0
1387,2014-10-20,63.0,71.0,54.0,0.0,0
1388,2014-10-21,60.0,72.0,48.0,0.0,0
1389,2014-10-22,63.0,76.0,50.0,0.0,0
1390,2014-10-23,67.0,75.0,58.0,0.0,0
1391,2014-10-24,63.0,74.0,52.0,0.0,0
1392,2014-10-25,64.0,70.0,58.0,0.14,1
1393,2014-10-26,61.0,70.0,51.0,0.0,0
1394,2014-10-27,60.0,72.0,47.0,0.0,0
1395,2014-10-28,62.0,77.0,47.0,0.0,0
1396,2014-10-29,66.0,81.0,50.0,0.0,0
1397,2014-10-30,64.0,75.0,53.0,0.0,0
1398,2014-10-31,59.0,63.0,54.0,0.27,1
1399,2014-11-01,58.0,66.0,49.0,0.0,0
1400,2014-11-02,57.0,69.0,44.0,0.0,0
1401,2014-11-03,58.0,71.0,45.0,0.0,0
1402,2014-11-04,58.0,71.0,45.0,0.0,0
1403,2014-11-05,61.0,76.0,46.0,0.0,0
1404,2014-11-06,63.0,77.0,48.0,0.0,0
1405,2014-11-07,63.0,76.0,50.0,0.0,0
1406,2014-11-08,64.0,79.0,48.0,0.0,0
1407,2014-11-09,63.0,77.0,48.0,0.0,0
1408,2014-11-10,64.0,78.0,49.0,0.0,0
1409,2014-11-11,59.0,64.0,53.0,0.0,0
1410,2014-11-12,60.0,66.0,53.0,0.0,0
1411,2014-11-13,60.0,64.0,55.0,0.13,1
1412,2014-11-14,58.0,68.0,48.0,0.0,0
1413,2014-11-15,58.0,68.0,47.0,0.0,0
1414,2014-11-16,53.0,63.0,43.0,0.0,0
1415,2014-11-17,53.0,65.0,41.0,0.0,0
1416,2014-11-18,51.0,60.0,42.0,0.0,0
1417,2014-11-19,53.0,56.0,50.0,0.18,1
1418,2014-11-20,55.0,58.0,51.0,0.41,1
1419,2014-11-21,56.0,61.0,51.0,0.0,0
1420,2014-11-22,60.0,69.0,50.0,0.03,1
1421,2014-11-23,54.0,66.0,42.0,0.0,0
1422,2014-11-24,54.0,69.0,39.0,0.0,0
1423,2014-11-25,53.0,65.0,41.0,0.0,0
1424,2014-11-26,55.0,68.0,42.0,0.0,0
1425,2014-11-27,56.0,68.0,44.0,0.0,0
1426,2014-11-28,54.0,69.0,39.0,0.0,0
1427,2014-11-29,63.0,69.0,57.0,0.01,1
1428,2014-11-30,58.0,62.0,53.0,0.25,1
1429,2014-12-01,59.0,63.0,54.0,0.01,1
1430,2014-12-02,58.0,60.0,55.0,1.24,1
1431,2014-12-03,61.0,66.0,56.0,1.22,1
1432,2014-12-04,62.0,70.0,54.0,0.0,0
1433,2014-12-05,60.0,68.0,52.0,0.03,1
1434,2014-12-06,62.0,68.0,56.0,0.16,1
1435,2014-12-07,58.0,62.0,53.0,0.0,0
1436,2014-12-08,59.0,65.0,52.0,0.0,0
1437,2014-12-09,57.0,61.0,53.0,0.0,0
1438,2014-12-10,61.0,66.0,55.0,0.0,0
1439,2014-12-11,59.0,67.0,51.0,2.75,1
1440,2014-12-12,52.0,56.0,47.0,0.21,1
1441,2014-12-13,51.0,57.0,45.0,0.0,0
1442,2014-12-14,50.0,54.0,45.0,0.1,1
1443,2014-12-15,52.0,56.0,48.0,0.95,1
1444,2014-12-16,56.0,63.0,48.0,0.49,1
1445,2014-12-17,55.0,60.0,50.0,0.22,1
1446,2014-12-18,55.0,59.0,51.0,0.01,1
1447,2014-12-19,55.0,58.0,52.0,0.45,1
1448,2014-12-20,58.0,62.0,53.0,0.0,0
1449,2014-12-21,63.0,69.0,56.0,0.0,0
1450,2014-12-22,61.0,68.0,53.0,0.0,0
1451,2014-12-23,57.0,67.0,47.0,0.0,0
1452,2014-12-24,54.0,63.0,44.0,0.02,1
1453,2014-12-25,49.0,60.0,37.0,0.0,0
1454,2014-12-26,47.0,59.0,35.0,0.0,0
1455,2014-12-27,44.0,54.0,34.0,0.0,0
1456,2014-12-28,49.0,59.0,38.0,0.0,0
1457,2014-12-29,47.0,54.0,40.0,0.0,0
1458,2014-12-30,43.0,54.0,32.0,0.0,0
1459,2014-12-31,45.0,60.0,30.0,0.0,0
1460,2015-01-01,43.0,52.0,33.0,0.0,0
1461,2015-01-02,41.0,53.0,29.0,0.0,0
1462,2015-01-03,44.0,56.0,31.0,0.0,0
1463,2015-01-04,46.0,57.0,34.0,0.0,0
1464,2015-01-05,47.0,59.0,35.0,0.0,0
1465,2015-01-06,51.0,64.0,38.0,0.0,0
1466,2015-01-07,53.0,69.0,36.0,0.0,0
1467,2015-01-08,52.0,63.0,41.0,0.0,0
1468,2015-01-09,54.0,62.0,46.0,0.0,0
1469,2015-01-10,54.0,65.0,43.0,0.0,0
1470,2015-01-11,53.0,62.0,43.0,0.0,0
1471,2015-01-12,54.0,66.0,41.0,0.0,0
1472,2015-01-13,52.0,64.0,40.0,0.0,0
1473,2015-01-14,49.0,57.0,40.0,0.0,0
1474,2015-01-15,49.0,57.0,41.0,0.0,0
1475,2015-01-16,50.0,57.0,43.0,0.0,0
1476,2015-01-17,53.0,59.0,47.0,0.0,0
1477,2015-01-18,59.0,66.0,51.0,0.0,0
1478,2015-01-19,54.0,62.0,45.0,0.0,0
1479,2015-01-20,53.0,62.0,44.0,0.0,0
1480,2015-01-21,51.0,61.0,40.0,0.0,0
1481,2015-01-22,48.0,56.0,39.0,0.0,0
1482,2015-01-23,50.0,62.0,38.0,0.0,0
1483,2015-01-24,51.0,60.0,42.0,0.0,0
1484,2015-01-25,53.0,63.0,42.0,0.0,0
1485,2015-01-26,53.0,66.0,39.0,0.0,0
1486,2015-01-27,57.0,67.0,47.0,0.0,0
1487,2015-01-28,56.0,69.0,43.0,0.0,0
1488,2015-01-29,56.0,68.0,43.0,0.0,0
1489,2015-01-30,56.0,70.0,42.0,0.0,0
1490,2015-01-31,58.0,77.0,39.0,0.0,0
1491,2015-02-01,52.0,65.0,39.0,0.0,0
1492,2015-02-02,55.0,67.0,42.0,0.0,0
1493,2015-02-03,59.0,70.0,47.0,0.0,0
1494,2015-02-04,55.0,64.0,45.0,0.0,0
1495,2015-02-05,57.0,64.0,50.0,0.0,0
1496,2015-02-06,61.0,66.0,56.0,1.29,1
1497,2015-02-07,61.0,68.0,54.0,0.15,1
1498,2015-02-08,59.0,65.0,52.0,1.42,1
1499,2015-02-09,59.0,67.0,50.0,0.01,1
1500,2015-02-10,55.0,66.0,43.0,0.0,0
1501,2015-02-11,55.0,68.0,42.0,0.0,0
1502,2015-02-12,58.0,72.0,44.0,0.0,0
1503,2015-02-13,59.0,73.0,44.0,0.0,0
1504,2015-02-14,60.0,74.0,45.0,0.0,0
1505,2015-02-15,61.0,75.0,46.0,0.0,0
1506,2015-02-16,59.0,73.0,44.0,0.0,0
1507,2015-02-17,55.0,59.0,51.0,0.0,0
1508,2015-02-18,58.0,67.0,48.0,0.0,0
1509,2015-02-19,56.0,65.0,47.0,0.0,0
1510,2015-02-20,61.0,71.0,51.0,0.0,0
1511,2015-02-21,56.0,67.0,44.0,0.0,0
1512,2015-02-22,54.0,66.0,42.0,0.0,0
1513,2015-02-23,53.0,63.0,42.0,0.0,0
1514,2015-02-24,53.0,70.0,36.0,0.0,0
1515,2015-02-25,56.0,70.0,41.0,0.0,0
1516,2015-02-26,59.0,73.0,45.0,0.0,0
1517,2015-02-27,59.0,66.0,51.0,0.0,0
1518,2015-02-28,53.0,63.0,43.0,0.0,0
1519,2015-03-01,55.0,67.0,42.0,0.0,0
1520,2015-03-02,55.0,63.0,47.0,0.0,0
1521,2015-03-03,54.0,67.0,41.0,0.0,0
1522,2015-03-04,55.0,70.0,40.0,0.0,0
1523,2015-03-05,56.0,70.0,41.0,0.0,0
1524,2015-03-06,59.0,75.0,42.0,0.0,0
1525,2015-03-07,60.0,77.0,43.0,0.0,0
1526,2015-03-08,60.0,76.0,44.0,0.0,0
1527,2015-03-09,60.0,73.0,47.0,0.0,0
1528,2015-03-10,59.0,70.0,48.0,0.0,0
1529,2015-03-11,60.0,67.0,52.0,0.08,1
1530,2015-03-12,62.0,76.0,47.0,0.0,0
1531,2015-03-13,64.0,77.0,51.0,0.0,0
1532,2015-03-14,69.0,85.0,52.0,0.0,0
1533,2015-03-15,66.0,76.0,56.0,0.0,0
1534,2015-03-16,62.0,70.0,54.0,0.0,0
1535,2015-03-17,63.0,72.0,53.0,0.0,0
1536,2015-03-18,62.0,75.0,49.0,0.0,0
1537,2015-03-19,64.0,81.0,47.0,0.0,0
1538,2015-03-20,61.0,73.0,48.0,0.0,0
1539,2015-03-21,64.0,75.0,53.0,0.0,0
1540,2015-03-22,63.0,69.0,57.0,0.02,1
1541,2015-03-23,60.0,67.0,52.0,0.07,1
1542,2015-03-24,61.0,70.0,52.0,0.0,0
1543,2015-03-25,64.0,79.0,49.0,0.0,0
1544,2015-03-26,66.0,82.0,50.0,0.0,0
1545,2015-03-27,65.0,76.0,53.0,0.0,0
1546,2015-03-28,66.0,81.0,51.0,0.0,0
1547,2015-03-29,66.0,83.0,49.0,0.0,0
1548,2015-03-30,66.0,81.0,50.0,0.0,0
1549,2015-03-31,63.0,72.0,54.0,0.0,0
1550,2015-04-01,57.0,69.0,44.0,0.0,0
1551,2015-04-02,58.0,73.0,43.0,0.0,0
1552,2015-04-03,60.0,76.0,43.0,0.0,0
1553,2015-04-04,59.0,71.0,46.0,0.0,0
1554,2015-04-05,53.0,60.0,46.0,0.03,1
1555,2015-04-06,53.0,64.0,42.0,0.0,0
1556,2015-04-07,55.0,62.0,48.0,0.55,1
1557,2015-04-08,54.0,64.0,44.0,0.0,0
1558,2015-04-09,56.0,70.0,42.0,0.0,0
1559,2015-04-10,59.0,73.0,45.0,0.0,0
1560,2015-04-11,62.0,75.0,49.0,0.0,0
1561,2015-04-12,65.0,80.0,49.0,0.0,0
1562,2015-04-13,59.0,71.0,46.0,0.0,0
1563,2015-04-14,56.0,68.0,44.0,0.0,0
1564,2015-04-15,59.0,76.0,41.0,0.0,0
1565,2015-04-16,66.0,81.0,50.0,0.0,0
1566,2015-04-17,66.0,84.0,47.0,0.0,0
1567,2015-04-18,64.0,80.0,48.0,0.0,0
1568,2015-04-19,64.0,79.0,49.0,0.0,0
1569,2015-04-20,62.0,70.0,53.0,0.0,0
1570,2015-04-21,60.0,65.0,54.0,0.0,0
1571,2015-04-22,64.0,74.0,54.0,0.0,0
1572,2015-04-23,63.0,74.0,52.0,0.0,0
1573,2015-04-24,61.0,68.0,53.0,0.12,1
1574,2015-04-25,61.0,69.0,53.0,0.18,1
1575,2015-04-26,64.0,77.0,50.0,0.0,0
1576,2015-04-27,70.0,89.0,51.0,0.0,0
1577,2015-04-28,67.0,81.0,53.0,0.0,0
1578,2015-04-29,67.0,81.0,53.0,0.0,0
1579,2015-04-30,71.0,91.0,51.0,0.0,0
1580,2015-05-01,73.0,90.0,56.0,0.0,0
1581,2015-05-02,67.0,81.0,53.0,0.0,0
1582,2015-05-03,61.0,70.0,51.0,0.0,0
1583,2015-05-04,61.0,70.0,52.0,0.0,0
1584,2015-05-05,63.0,72.0,53.0,0.0,0
1585,2015-05-06,64.0,76.0,51.0,0.0,0
1586,2015-05-07,61.0,70.0,51.0,0.0,0
1587,2015-05-08,61.0,76.0,45.0,0.0,0
1588,2015-05-09,64.0,75.0,52.0,0.0,0
1589,2015-05-10,63.0,73.0,52.0,0.0,0
1590,2015-05-11,61.0,70.0,52.0,0.0,0
1591,2015-05-12,60.0,70.0,50.0,0.0,0
1592,2015-05-13,59.0,67.0,51.0,0.0,0
1593,2015-05-14,59.0,66.0,52.0,0.04,1
1594,2015-05-15,60.0,69.0,50.0,0.0,0
1595,2015-05-16,61.0,68.0,54.0,0.0,0
1596,2015-05-17,62.0,69.0,55.0,0.0,0
1597,2015-05-18,61.0,68.0,54.0,0.0,0
1598,2015-05-19,63.0,72.0,54.0,0.0,0
1599,2015-05-20,61.0,68.0,54.0,0.0,0
1600,2015-05-21,64.0,71.0,56.0,0.0,0
1601,2015-05-22,62.0,71.0,53.0,0.0,0
1602,2015-05-23,63.0,71.0,55.0,0.0,0
1603,2015-05-24,63.0,72.0,54.0,0.0,0
1604,2015-05-25,63.0,72.0,54.0,0.0,0
1605,2015-05-26,63.0,71.0,55.0,0.0,0
1606,2015-05-27,65.0,75.0,54.0,0.0,0
1607,2015-05-28,67.0,81.0,53.0,0.0,0
1608,2015-05-29,69.0,84.0,53.0,0.0,0
1609,2015-05-30,69.0,85.0,53.0,0.0,0
1610,2015-05-31,62.0,73.0,51.0,0.0,0
1611,2015-06-01,67.0,76.0,58.0,0.0,0
1612,2015-06-02,69.0,81.0,57.0,0.0,0
1613,2015-06-03,65.0,74.0,56.0,0.0,0
1614,2015-06-04,69.0,82.0,55.0,0.0,0
1615,2015-06-05,71.0,86.0,55.0,0.0,0
1616,2015-06-06,70.0,82.0,57.0,0.0,0
1617,2015-06-07,74.0,92.0,56.0,0.0,0
1618,2015-06-08,83.0,104.0,61.0,0.0,0
1619,2015-06-09,75.0,89.0,61.0,0.0,0
1620,2015-06-10,68.0,73.0,63.0,0.37,1
1621,2015-06-11,75.0,92.0,58.0,0.0,0
1622,2015-06-12,79.0,99.0,59.0,0.0,0
1623,2015-06-13,74.0,88.0,59.0,0.0,0
1624,2015-06-14,69.0,81.0,56.0,0.0,0
1625,2015-06-15,66.0,77.0,55.0,0.0,0
1626,2015-06-16,74.0,92.0,56.0,0.0,0
1627,2015-06-17,76.0,94.0,57.0,0.0,0
1628,2015-06-18,73.0,88.0,57.0,0.0,0
1629,2015-06-19,74.0,92.0,56.0,0.0,0
1630,2015-06-20,75.0,93.0,57.0,0.0,0
1631,2015-06-21,69.0,81.0,56.0,0.0,0
1632,2015-06-22,71.0,84.0,57.0,0.0,0
1633,2015-06-23,75.0,91.0,58.0,0.0,0
1634,2015-06-24,75.0,93.0,57.0,0.0,0
1635,2015-06-25,80.0,100.0,60.0,0.0,0
1636,2015-06-26,79.0,97.0,61.0,0.0,0
1637,2015-06-27,70.0,80.0,60.0,0.0,0
1638,2015-06-28,72.0,82.0,61.0,0.0,0
1639,2015-06-29,75.0,92.0,58.0,0.0,0
1640,2015-06-30,84.0,106.0,61.0,0.0,0
1641,2015-07-01,82.0,99.0,64.0,0.0,0
1642,2015-07-02,77.0,89.0,65.0,0.0,0
1643,2015-07-03,77.0,92.0,61.0,0.0,0
1644,2015-07-04,76.0,91.0,61.0,0.0,0
1645,2015-07-05,71.0,79.0,62.0,0.0,0
1646,2015-07-06,73.0,85.0,61.0,0.0,0
1647,2015-07-07,72.0,80.0,63.0,0.0,0
1648,2015-07-08,68.0,75.0,61.0,0.0,0
1649,2015-07-09,67.0,72.0,61.0,0.0,0
1650,2015-07-10,69.0,76.0,62.0,0.0,0
1651,2015-07-11,70.0,80.0,60.0,0.0,0
1652,2015-07-12,72.0,81.0,63.0,0.0,0
1653,2015-07-13,76.0,88.0,63.0,0.0,0
1654,2015-07-14,70.0,79.0,61.0,0.0,0
1655,2015-07-15,76.0,91.0,61.0,0.0,0
1656,2015-07-16,76.0,91.0,60.0,0.0,0
1657,2015-07-17,77.0,93.0,60.0,0.0,0
1658,2015-07-18,73.0,85.0,60.0,0.0,0
1659,2015-07-19,80.0,95.0,65.0,0.0,0
1660,2015-07-20,80.0,95.0,65.0,0.0,0
1661,2015-07-21,76.0,89.0,62.0,0.0,0
1662,2015-07-22,70.0,78.0,62.0,0.0,0
1663,2015-07-23,71.0,81.0,61.0,0.0,0
1664,2015-07-24,74.0,88.0,60.0,0.0,0
1665,2015-07-25,73.0,85.0,60.0,0.0,0
1666,2015-07-26,74.0,86.0,61.0,0.0,0
1667,2015-07-27,78.0,95.0,60.0,0.0,0
1668,2015-07-28,81.0,102.0,60.0,0.0,0
1669,2015-07-29,84.0,103.0,64.0,0.0,0
1670,2015-07-30,79.0,94.0,63.0,0.0,0
1671,2015-07-31,76.0,88.0,63.0,0.0,0
1672,2015-08-01,74.0,86.0,62.0,0.0,0
1673,2015-08-02,73.0,84.0,62.0,0.0,0
1674,2015-08-03,72.0,81.0,63.0,0.0,0
1675,2015-08-04,68.0,75.0,61.0,0.0,0
1676,2015-08-05,75.0,90.0,59.0,0.0,0
1677,2015-08-06,75.0,88.0,62.0,0.0,0
1678,2015-08-07,72.0,82.0,62.0,0.0,0
1679,2015-08-08,71.0,80.0,61.0,0.0,0
1680,2015-08-09,76.0,91.0,61.0,0.0,0
1681,2015-08-10,73.0,84.0,62.0,0.0,0
1682,2015-08-11,73.0,85.0,61.0,0.0,0
1683,2015-08-12,73.0,86.0,59.0,0.0,0
1684,2015-08-13,75.0,86.0,63.0,0.0,0
1685,2015-08-14,75.0,88.0,62.0,0.0,0
1686,2015-08-15,80.0,99.0,61.0,0.0,0
1687,2015-08-16,84.0,104.0,64.0,0.0,0
1688,2015-08-17,83.0,102.0,64.0,0.0,0
1689,2015-08-18,75.0,88.0,61.0,0.0,0
1690,2015-08-19,72.0,82.0,61.0,0.0,0
1691,2015-08-20,71.0,80.0,62.0,0.0,0
1692,2015-08-21,72.0,83.0,60.0,0.0,0
1693,2015-08-22,73.0,84.0,62.0,0.0,0
1694,2015-08-23,71.0,81.0,61.0,0.0,0
1695,2015-08-24,74.0,87.0,60.0,0.0,0
1696,2015-08-25,75.0,91.0,58.0,0.0,0
1697,2015-08-26,77.0,96.0,58.0,0.0,0
1698,2015-08-27,82.0,99.0,64.0,0.0,0
1699,2015-08-28,84.0,99.0,69.0,0.0,0
1700,2015-08-29,74.0,82.0,65.0,0.0,0
1701,2015-08-30,74.0,86.0,62.0,0.0,0
1702,2015-08-31,78.0,91.0,64.0,0.0,0
1703,2015-09-01,74.0,86.0,62.0,0.0,0
1704,2015-09-02,71.0,80.0,62.0,0.0,0
1705,2015-09-03,69.0,77.0,61.0,0.0,0
1706,2015-09-04,69.0,79.0,58.0,0.0,0
1707,2015-09-05,70.0,86.0,53.0,0.0,0
1708,2015-09-06,73.0,90.0,55.0,0.0,0
1709,2015-09-07,75.0,96.0,54.0,0.0,0
1710,2015-09-08,80.0,100.0,59.0,0.0,0
1711,2015-09-09,84.0,104.0,63.0,0.0,0
1712,2015-09-10,85.0,105.0,65.0,0.0,0
1713,2015-09-11,83.0,102.0,64.0,0.0,0
1714,2015-09-12,74.0,86.0,62.0,0.0,0
1715,2015-09-13,78.0,93.0,63.0,0.0,0
1716,2015-09-14,69.0,75.0,62.0,0.0,0
1717,2015-09-15,68.0,76.0,60.0,0.0,0
1718,2015-09-16,65.0,74.0,56.0,0.0,0
1719,2015-09-17,68.0,79.0,56.0,0.0,0
1720,2015-09-18,72.0,87.0,56.0,0.0,0
1721,2015-09-19,75.0,95.0,55.0,0.0,0
1722,2015-09-20,79.0,99.0,58.0,0.0,0
1723,2015-09-21,83.0,102.0,64.0,0.0,0
1724,2015-09-22,68.0,77.0,59.0,0.0,0
1725,2015-09-23,73.0,89.0,57.0,0.0,0
1726,2015-09-24,79.0,96.0,61.0,0.0,0
1727,2015-09-25,77.0,94.0,59.0,0.0,0
1728,2015-09-26,77.0,91.0,62.0,0.0,0
1729,2015-09-27,74.0,89.0,58.0,0.0,0
1730,2015-09-28,72.0,86.0,57.0,0.0,0
1731,2015-09-29,68.0,77.0,58.0,0.0,0
1732,2015-09-30,63.0,67.0,59.0,0.05,1
1733,2015-10-01,69.0,78.0,60.0,0.0,0
1734,2015-10-02,72.0,89.0,55.0,0.0,0
1735,2015-10-03,69.0,85.0,53.0,0.0,0
1736,2015-10-04,67.0,81.0,53.0,0.01,1
1737,2015-10-05,68.0,81.0,54.0,0.0,0
1738,2015-10-06,68.0,82.0,54.0,0.0,0
1739,2015-10-07,69.0,85.0,53.0,0.0,0
1740,2015-10-08,75.0,91.0,58.0,0.0,0
1741,2015-10-09,73.0,89.0,57.0,0.0,0
1742,2015-10-10,71.0,85.0,56.0,0.0,0
1743,2015-10-11,73.0,87.0,59.0,0.0,0
1744,2015-10-12,75.0,93.0,57.0,0.0,0
1745,2015-10-13,78.0,96.0,60.0,0.0,0
1746,2015-10-14,77.0,91.0,63.0,0.0,0
1747,2015-10-15,74.0,85.0,63.0,0.0,0
1748,2015-10-16,74.0,86.0,62.0,0.0,0
1749,2015-10-17,68.0,75.0,60.0,0.0,0
1750,2015-10-18,66.0,75.0,56.0,0.0,0
1751,2015-10-19,67.0,77.0,57.0,0.0,0
1752,2015-10-20,70.0,85.0,55.0,0.0,0
1753,2015-10-21,69.0,86.0,52.0,0.0,0
1754,2015-10-22,68.0,83.0,52.0,0.0,0
1755,2015-10-23,69.0,84.0,54.0,0.0,0
1756,2015-10-24,67.0,81.0,52.0,0.0,0
1757,2015-10-25,67.0,78.0,56.0,0.0,0
1758,2015-10-26,65.0,80.0,50.0,0.0,0
1759,2015-10-27,65.0,71.0,58.0,0.0,0
1760,2015-10-28,65.0,74.0,56.0,0.0,0
1761,2015-10-29,66.0,82.0,49.0,0.0,0
1762,2015-10-30,68.0,85.0,50.0,0.0,0
1763,2015-10-31,70.0,87.0,53.0,0.0,0
1764,2015-11-01,66.0,75.0,57.0,0.08,1
1765,2015-11-02,57.0,65.0,48.0,0.78,1
1766,2015-11-03,56.0,67.0,44.0,0.0,0
1767,2015-11-04,55.0,66.0,44.0,0.0,0
1768,2015-11-05,55.0,67.0,42.0,0.0,0
1769,2015-11-06,57.0,71.0,42.0,0.0,0
1770,2015-11-07,55.0,68.0,42.0,0.0,0
1771,2015-11-08,57.0,66.0,48.0,0.0,0
1772,2015-11-09,53.0,59.0,47.0,0.41,1
1773,2015-11-10,53.0,61.0,45.0,0.0,0
1774,2015-11-11,51.0,62.0,40.0,0.0,0
1775,2015-11-12,52.0,65.0,39.0,0.0,0
1776,2015-11-13,53.0,66.0,40.0,0.0,0
1777,2015-11-14,53.0,65.0,40.0,0.0,0
1778,2015-11-15,56.0,62.0,49.0,0.14,1
1779,2015-11-16,51.0,63.0,38.0,0.0,0
1780,2015-11-17,53.0,66.0,40.0,0.0,0
1781,2015-11-18,57.0,71.0,42.0,0.0,0
1782,2015-11-19,56.0,69.0,43.0,0.0,0
1783,2015-11-20,61.0,75.0,46.0,0.0,0
1784,2015-11-21,57.0,70.0,44.0,0.0,0
1785,2015-11-22,55.0,68.0,42.0,0.0,0
1786,2015-11-23,53.0,63.0,43.0,0.0,0
1787,2015-11-24,52.0,59.0,44.0,0.12,1
1788,2015-11-25,47.0,56.0,37.0,0.0,0
1789,2015-11-26,45.0,56.0,33.0,0.0,0
1790,2015-11-27,47.0,58.0,35.0,0.0,0
1791,2015-11-28,46.0,56.0,35.0,0.0,0
1792,2015-11-29,44.0,58.0,29.0,0.0,0
1793,2015-11-30,41.0,50.0,31.0,0.0,0
1794,2015-12-01,48.0,60.0,36.0,0.0,0
1795,2015-12-02,51.0,60.0,41.0,0.0,0
1796,2015-12-03,52.0,63.0,40.0,0.13,1
1797,2015-12-04,52.0,62.0,41.0,0.0,0
1798,2015-12-05,46.0,54.0,37.0,0.0,0
1799,2015-12-06,54.0,63.0,45.0,0.08,1
1800,2015-12-07,56.0,62.0,50.0,0.0,0
1801,2015-12-08,53.0,58.0,48.0,0.0,0
1802,2015-12-09,59.0,68.0,49.0,0.0,0
1803,2015-12-10,57.0,63.0,50.0,0.29,1
1804,2015-12-11,52.0,59.0,44.0,0.15,1
1805,2015-12-12,49.0,59.0,39.0,0.0,0
1806,2015-12-13,51.0,57.0,45.0,0.46,1
1807,2015-12-14,47.0,58.0,36.0,0.0,0
1808,2015-12-15,46.0,57.0,34.0,0.0,0
1809,2015-12-16,44.0,54.0,34.0,0.0,0
1810,2015-12-17,48.0,58.0,38.0,0.0,0
1811,2015-12-18,51.0,61.0,40.0,0.12,1
1812,2015-12-19,50.0,57.0,42.0,0.03,1
1813,2015-12-20,47.0,55.0,38.0,0.16,1
1814,2015-12-21,55.0,60.0,49.0,0.44,1
1815,2015-12-22,57.0,62.0,51.0,0.03,1
1816,2015-12-23,51.0,57.0,45.0,0.0,0
1817,2015-12-24,47.0,54.0,40.0,0.1,1
1818,2015-12-25,43.0,52.0,34.0,0.0,0
1819,2015-12-26,43.0,54.0,31.0,0.0,0
1820,2015-12-27,38.0,47.0,28.0,0.0,0
1821,2015-12-28,43.0,51.0,35.0,0.04,1
1822,2015-12-29,43.0,54.0,32.0,0.0,0
1823,2015-12-30,40.0,48.0,32.0,0.01,1
1824,2015-12-31,41.0,52.0,29.0,0.0,0
1825,2016-01-01,40.0,50.0,30.0,0.0,0
1826,2016-01-02,45.0,49.0,40.0,0.0,0
1827,2016-01-03,48.0,54.0,41.0,0.0,0
1828,2016-01-04,51.0,55.0,46.0,0.12,1
1829,2016-01-05,51.0,55.0,46.0,0.51,1
1830,2016-01-06,51.0,55.0,47.0,1.08,1
1831,2016-01-07,48.0,55.0,41.0,0.01,1
1832,2016-01-08,46.0,53.0,39.0,0.01,1
1833,2016-01-09,50.0,53.0,46.0,0.08,1
1834,2016-01-10,52.0,56.0,48.0,0.02,1
1835,2016-01-11,52.0,57.0,46.0,0.0,0
1836,2016-01-12,50.0,55.0,45.0,0.0,0
1837,2016-01-13,53.0,61.0,45.0,0.19,1
1838,2016-01-14,48.0,56.0,40.0,0.12,1
1839,2016-01-15,51.0,56.0,45.0,0.24,1
1840,2016-01-16,54.0,58.0,49.0,0.16,1
1841,2016-01-17,56.0,61.0,51.0,0.51,1
1842,2016-01-18,58.0,63.0,52.0,0.48,1
1843,2016-01-19,58.0,65.0,51.0,0.73,1
1844,2016-01-20,53.0,61.0,45.0,0.0,0
1845,2016-01-21,56.0,63.0,49.0,0.0,0
1846,2016-01-22,58.0,62.0,53.0,0.24,1
1847,2016-01-23,54.0,59.0,49.0,0.09,1
1848,2016-01-24,51.0,60.0,42.0,0.0,0
1849,2016-01-25,55.0,61.0,48.0,0.0,0
1850,2016-01-26,51.0,60.0,42.0,0.0,0
1851,2016-01-27,55.0,64.0,45.0,0.0,0
1852,2016-01-28,54.0,64.0,43.0,0.0,0
1853,2016-01-29,59.0,63.0,54.0,0.18,1
1854,2016-01-30,55.0,60.0,50.0,0.0,0
1855,2016-01-31,53.0,57.0,48.0,0.0,0
1856,2016-02-01,50.0,59.0,40.0,0.0,0
1857,2016-02-02,47.0,52.0,41.0,0.02,1
1858,2016-02-03,47.0,56.0,38.0,0.0,0
1859,2016-02-04,52.0,59.0,44.0,0.0,0
1860,2016-02-05,50.0,62.0,37.0,0.0,0
1861,2016-02-06,52.0,64.0,39.0,0.0,0
1862,2016-02-07,56.0,71.0,41.0,0.0,0
1863,2016-02-08,62.0,75.0,48.0,0.0,0
1864,2016-02-09,57.0,71.0,42.0,0.0,0
1865,2016-02-10,58.0,71.0,44.0,0.0,0
1866,2016-02-11,59.0,71.0,46.0,0.0,0
1867,2016-02-12,59.0,71.0,46.0,0.0,0
1868,2016-02-13,60.0,73.0,47.0,0.0,0
1869,2016-02-14,62.0,77.0,47.0,0.0,0
1870,2016-02-15,65.0,79.0,50.0,0.0,0
1871,2016-02-16,60.0,73.0,47.0,0.0,0
1872,2016-02-17,61.0,71.0,51.0,0.64,1
1873,2016-02-18,55.0,62.0,47.0,0.16,1
1874,2016-02-19,54.0,63.0,44.0,0.03,1
1875,2016-02-20,51.0,62.0,40.0,0.01,1
1876,2016-02-21,54.0,67.0,40.0,0.0,0
1877,2016-02-22,57.0,72.0,41.0,0.0,0
1878,2016-02-23,57.0,70.0,43.0,0.0,0
1879,2016-02-24,57.0,71.0,43.0,0.0,0
1880,2016-02-25,61.0,74.0,47.0,0.0,0
1881,2016-02-26,61.0,71.0,50.0,0.0,0
1882,2016-02-27,60.0,70.0,50.0,0.0,0
1883,2016-02-28,57.0,67.0,46.0,0.0,0
1884,2016-03-01,61.0,74.0,48.0,0.0,0
1885,2016-03-02,62.0,73.0,51.0,0.0,0
1886,2016-03-03,62.0,66.0,58.0,0.01,1
1887,2016-03-04,62.0,66.0,57.0,0.3,1
1888,2016-03-05,61.0,67.0,55.0,1.38,1
1889,2016-03-06,56.0,62.0,50.0,0.35,1
1890,2016-03-07,53.0,58.0,48.0,0.36,1
1891,2016-03-08,50.0,60.0,40.0,0.0,0
1892,2016-03-09,56.0,61.0,50.0,0.15,1
1893,2016-03-10,59.0,63.0,55.0,0.0,0
1894,2016-03-11,56.0,59.0,52.0,0.31,1
1895,2016-03-12,54.0,60.0,47.0,0.73,1
1896,2016-03-13,58.0,60.0,55.0,0.51,1
1897,2016-03-14,56.0,63.0,48.0,0.01,1
1898,2016-03-15,56.0,68.0,43.0,0.0,0
1899,2016-03-16,59.0,73.0,44.0,0.0,0
1900,2016-03-17,62.0,77.0,47.0,0.0,0
1901,2016-03-18,60.0,71.0,48.0,0.0,0
1902,2016-03-19,62.0,72.0,52.0,0.0,0
1903,2016-03-20,62.0,71.0,52.0,0.08,1
1904,2016-03-21,58.0,65.0,50.0,0.01,1
1905,2016-03-22,54.0,64.0,44.0,0.0,0
1906,2016-03-23,57.0,70.0,43.0,0.0,0
1907,2016-03-24,60.0,72.0,47.0,0.0,0
1908,2016-03-25,62.0,74.0,50.0,0.0,0
1909,2016-03-26,62.0,75.0,48.0,0.0,0
1910,2016-03-27,62.0,70.0,53.0,0.0,0
1911,2016-03-28,55.0,62.0,48.0,0.0,0
1912,2016-03-29,54.0,67.0,41.0,0.0,0
1913,2016-03-30,58.0,70.0,46.0,0.0,0
1914,2016-03-31,60.0,72.0,47.0,0.0,0
1915,2016-04-01,62.0,72.0,51.0,0.0,0
1916,2016-04-02,62.0,76.0,48.0,0.0,0
1917,2016-04-03,60.0,72.0,48.0,0.0,0
1918,2016-04-04,65.0,76.0,53.0,0.0,0
1919,2016-04-05,67.0,84.0,49.0,0.0,0
1920,2016-04-06,71.0,87.0,54.0,0.0,0
1921,2016-04-07,65.0,74.0,56.0,0.0,0
1922,2016-04-08,65.0,72.0,57.0,0.0,0
1923,2016-04-09,61.0,63.0,58.0,0.24,1
1924,2016-04-10,58.0,60.0,56.0,0.69,1
1925,2016-04-11,60.0,67.0,52.0,0.0,0
1926,2016-04-12,60.0,67.0,53.0,0.0,0
1927,2016-04-13,61.0,69.0,52.0,0.0,0
1928,2016-04-14,57.0,66.0,48.0,0.02,1
1929,2016-04-15,59.0,74.0,44.0,0.0,0
1930,2016-04-16,66.0,84.0,47.0,0.0,0
1931,2016-04-17,68.0,85.0,50.0,0.0,0
1932,2016-04-18,70.0,87.0,52.0,0.0,0
1933,2016-04-19,69.0,85.0,53.0,0.0,0
1934,2016-04-20,63.0,79.0,47.0,0.0,0
1935,2016-04-21,64.0,73.0,55.0,0.0,0
1936,2016-04-22,61.0,64.0,57.0,0.1,1
1937,2016-04-23,60.0,71.0,48.0,0.0,0
1938,2016-04-24,60.0,72.0,49.0,0.0,0
1939,2016-04-25,60.0,72.0,49.0,0.0,0
1940,2016-04-26,63.0,70.0,55.0,0.0,0
1941,2016-04-27,60.0,68.0,51.0,0.0,0
1942,2016-04-28,64.0,79.0,49.0,0.0,0
1943,2016-04-29,64.0,75.0,53.0,0.0,0
1944,2016-04-30,66.0,81.0,50.0,0.0,0
1945,2016-05-01,69.0,86.0,52.0,0.0,0
1946,2016-05-02,66.0,79.0,52.0,0.0,0
1947,2016-05-03,66.0,79.0,53.0,0.0,0
1948,2016-05-04,66.0,74.0,57.0,0.0,0
1949,2016-05-05,63.0,70.0,55.0,0.01,1
1950,2016-05-06,58.0,62.0,54.0,0.08,1
1951,2016-05-07,58.0,62.0,53.0,0.13,1
1952,2016-05-08,63.0,71.0,55.0,0.0,0
1953,2016-05-09,64.0,73.0,55.0,0.0,0
1954,2016-05-10,67.0,82.0,52.0,0.0,0
1955,2016-05-11,67.0,81.0,52.0,0.0,0
1956,2016-05-12,66.0,80.0,52.0,0.0,0
1957,2016-05-13,64.0,72.0,55.0,0.0,0
1958,2016-05-14,64.0,74.0,54.0,0.0,0
1959,2016-05-15,68.0,79.0,56.0,0.0,0
1960,2016-05-16,71.0,85.0,56.0,0.0,0
1961,2016-05-17,74.0,92.0,56.0,0.0,0
1962,2016-05-18,77.0,95.0,59.0,0.0,0
1963,2016-05-19,67.0,77.0,56.0,0.0,0
1964,2016-05-20,60.0,67.0,52.0,0.0,0
1965,2016-05-21,61.0,68.0,53.0,0.0,0
1966,2016-05-22,59.0,69.0,48.0,0.0,0
1967,2016-05-23,63.0,73.0,53.0,0.0,0
1968,2016-05-24,64.0,71.0,56.0,0.0,0
1969,2016-05-25,66.0,75.0,56.0,0.0,0
1970,2016-05-26,69.0,82.0,55.0,0.0,0
1971,2016-05-27,72.0,89.0,55.0,0.0,0
1972,2016-05-28,74.0,91.0,57.0,0.0,0
1973,2016-05-29,72.0,87.0,56.0,0.0,0
1974,2016-05-30,74.0,93.0,54.0,0.0,0
1975,2016-05-31,77.0,97.0,56.0,0.0,0
1976,2016-06-01,75.0,93.0,56.0,0.0,0
1977,2016-06-02,75.0,95.0,54.0,0.0,0
1978,2016-06-03,81.0,102.0,59.0,0.0,0
1979,2016-06-04,76.0,90.0,61.0,0.0,0
1980,2016-06-05,75.0,94.0,56.0,0.0,0
1981,2016-06-06,70.0,83.0,57.0,0.0,0
1982,2016-06-07,70.0,81.0,58.0,0.0,0
1983,2016-06-08,68.0,78.0,58.0,0.0,0
1984,2016-06-09,64.0,77.0,50.0,0.0,0
1985,2016-06-10,69.0,80.0,57.0,0.0,0
1986,2016-06-11,72.0,90.0,53.0,0.0,0
1987,2016-06-12,71.0,83.0,59.0,0.0,0
1988,2016-06-13,67.0,77.0,56.0,0.0,0
1989,2016-06-14,65.0,74.0,55.0,0.0,0
1990,2016-06-15,62.0,70.0,54.0,0.0,0
1991,2016-06-16,66.0,78.0,54.0,0.0,0
1992,2016-06-17,69.0,78.0,59.0,0.0,0
1993,2016-06-18,71.0,83.0,59.0,0.0,0
1994,2016-06-19,74.0,92.0,56.0,0.0,0
1995,2016-06-20,75.0,94.0,56.0,0.0,0
1996,2016-06-21,79.0,99.0,59.0,0.0,0
1997,2016-06-22,73.0,86.0,59.0,0.0,0
1998,2016-06-23,74.0,89.0,58.0,0.0,0
1999,2016-06-24,74.0,90.0,57.0,0.0,0
2000,2016-06-25,80.0,98.0,61.0,0.0,0
2001,2016-06-26,80.0,101.0,59.0,0.0,0
2002,2016-06-27,81.0,102.0,59.0,0.0,0
2003,2016-06-28,81.0,99.0,62.0,0.0,0
2004,2016-06-29,74.0,90.0,57.0,0.0,0
2005,2016-06-30,76.0,94.0,58.0,0.0,0
2006,2016-07-01,75.0,91.0,59.0,0.0,0
2007,2016-07-02,72.0,86.0,58.0,0.0,0
2008,2016-07-03,72.0,87.0,56.0,0.0,0
2009,2016-07-04,68.0,80.0,56.0,0.0,0
2010,2016-07-05,69.0,80.0,57.0,0.0,0
2011,2016-07-06,69.0,80.0,57.0,0.0,0
2012,2016-07-07,67.0,78.0,56.0,0.0,0
2013,2016-07-08,72.0,86.0,57.0,0.0,0
2014,2016-07-09,70.0,81.0,58.0,0.0,0
2015,2016-07-10,71.0,84.0,57.0,0.0,0
2016,2016-07-11,74.0,90.0,58.0,0.0,0
2017,2016-07-12,73.0,88.0,58.0,0.0,0
2018,2016-07-13,79.0,97.0,61.0,0.0,0
2019,2016-07-14,80.0,100.0,60.0,0.0,0
2020,2016-07-15,75.0,93.0,57.0,0.0,0
2021,2016-07-16,72.0,86.0,57.0,0.0,0
2022,2016-07-17,69.0,80.0,57.0,0.0,0
2023,2016-07-18,69.0,79.0,58.0,0.0,0
2024,2016-07-19,70.0,83.0,56.0,0.0,0
2025,2016-07-20,74.0,89.0,58.0,0.0,0
2026,2016-07-21,72.0,86.0,57.0,0.0,0
2027,2016-07-22,76.0,94.0,58.0,0.0,0
2028,2016-07-23,80.0,100.0,60.0,0.0,0
2029,2016-07-24,81.0,102.0,59.0,0.0,0
2030,2016-07-25,77.0,97.0,57.0,0.0,0
2031,2016-07-26,81.0,103.0,59.0,0.0,0
2032,2016-07-27,83.0,103.0,62.0,0.0,0
2033,2016-07-28,79.0,100.0,58.0,0.0,0
2034,2016-07-29,80.0,100.0,59.0,0.0,0
2035,2016-07-30,77.0,96.0,57.0,0.0,0
2036,2016-07-31,69.0,82.0,56.0,0.0,0
2037,2016-08-01,72.0,85.0,58.0,0.0,0
2038,2016-08-02,74.0,91.0,57.0,0.0,0
2039,2016-08-03,74.0,91.0,57.0,0.0,0
2040,2016-08-04,67.0,76.0,57.0,0.0,0
2041,2016-08-05,69.0,80.0,58.0,0.0,0
2042,2016-08-06,69.0,82.0,56.0,0.0,0
2043,2016-08-07,73.0,88.0,57.0,0.0,0
2044,2016-08-08,75.0,91.0,58.0,0.0,0
2045,2016-08-09,74.0,90.0,58.0,0.0,0
2046,2016-08-10,74.0,89.0,59.0,0.0,0
2047,2016-08-11,73.0,90.0,56.0,0.0,0
2048,2016-08-12,75.0,92.0,57.0,0.0,0
2049,2016-08-13,78.0,98.0,57.0,0.0,0
2050,2016-08-14,76.0,94.0,57.0,0.0,0
2051,2016-08-15,72.0,88.0,55.0,0.0,0
2052,2016-08-16,73.0,92.0,54.0,0.0,0
2053,2016-08-17,75.0,93.0,57.0,0.0,0
2054,2016-08-18,74.0,90.0,58.0,0.0,0
2055,2016-08-19,72.0,85.0,59.0,0.0,0
2056,2016-08-20,72.0,85.0,58.0,0.0,0
2057,2016-08-21,72.0,86.0,58.0,0.0,0
2058,2016-08-22,72.0,86.0,58.0,0.0,0
2059,2016-08-23,72.0,85.0,58.0,0.0,0
2060,2016-08-24,72.0,87.0,57.0,0.0,0
2061,2016-08-25,70.0,84.0,55.0,0.0,0
2062,2016-08-26,69.0,76.0,61.0,0.0,0
2063,2016-08-27,67.0,75.0,59.0,0.0,0
2064,2016-08-28,72.0,84.0,59.0,0.0,0
2065,2016-08-29,71.0,84.0,57.0,0.0,0
2066,2016-08-30,75.0,89.0,61.0,0.0,0
2067,2016-08-31,73.0,85.0,61.0,0.0,0
2068,2016-09-01,70.0,80.0,60.0,0.0,0
2069,2016-09-02,74.0,88.0,60.0,0.0,0
2070,2016-09-03,67.0,76.0,58.0,0.0,0
2071,2016-09-04,69.0,81.0,57.0,0.0,0
2072,2016-09-05,71.0,87.0,54.0,0.0,0
2073,2016-09-06,74.0,93.0,54.0,0.0,0
2074,2016-09-07,78.0,97.0,58.0,0.0,0
2075,2016-09-08,70.0,81.0,58.0,0.0,0
2076,2016-09-09,71.0,87.0,55.0,0.0,0
2077,2016-09-10,72.0,87.0,57.0,0.0,0
2078,2016-09-11,65.0,73.0,57.0,0.0,0
2079,2016-09-12,64.0,71.0,56.0,0.0,0
2080,2016-09-13,64.0,76.0,52.0,0.0,0
2081,2016-09-14,67.0,82.0,52.0,0.0,0
2082,2016-09-15,71.0,86.0,55.0,0.0,0
2083,2016-09-16,71.0,88.0,53.0,0.0,0
2084,2016-09-17,72.0,93.0,54.0,0.0,0
2085,2016-09-18,78.0,100.0,56.0,0.0,0
2086,2016-09-19,81.0,99.0,63.0,0.0,0
2087,2016-09-20,76.0,89.0,62.0,0.0,0
2088,2016-09-21,69.0,78.0,59.0,0.0,0
2089,2016-09-22,66.0,77.0,55.0,0.0,0
2090,2016-09-23,67.0,82.0,52.0,0.0,0
2091,2016-09-24,75.0,92.0,58.0,0.0,0
2092,2016-09-25,77.0,96.0,58.0,0.0,0
2093,2016-09-26,80.0,100.0,60.0,0.0,0
2094,2016-09-27,79.0,99.0,59.0,0.0,0
2095,2016-09-28,73.0,88.0,57.0,0.0,0
2096,2016-09-29,68.0,81.0,55.0,0.0,0
2097,2016-09-30,64.0,73.0,54.0,0.0,0
2098,2016-10-01,65.0,77.0,52.0,0.0,0
2099,2016-10-02,62.0,70.0,54.0,0.08,1
2100,2016-10-03,58.0,66.0,50.0,0.01,1
2101,2016-10-04,63.0,74.0,51.0,0.0,0
2102,2016-10-05,63.0,76.0,49.0,0.0,0
2103,2016-10-06,66.0,81.0,50.0,0.0,0
2104,2016-10-07,69.0,86.0,52.0,0.0,0
2105,2016-10-08,71.0,89.0,53.0,0.0,0
2106,2016-10-09,71.0,89.0,53.0,0.0,0
2107,2016-10-10,66.0,78.0,53.0,0.0,0
2108,2016-10-11,64.0,72.0,55.0,0.0,0
2109,2016-10-12,64.0,75.0,53.0,0.0,0
2110,2016-10-13,64.0,73.0,55.0,0.0,0
2111,2016-10-14,62.0,67.0,56.0,0.36,1
2112,2016-10-15,64.0,74.0,54.0,0.28,1
2113,2016-10-16,63.0,66.0,59.0,0.5,1
2114,2016-10-17,64.0,72.0,56.0,0.15,1
2115,2016-10-18,62.0,74.0,50.0,0.0,0
2116,2016-10-19,64.0,79.0,49.0,0.0,0
2117,2016-10-20,67.0,83.0,50.0,0.0,0
2118,2016-10-21,68.0,82.0,53.0,0.0,0
2119,2016-10-22,65.0,75.0,54.0,0.0,0
2120,2016-10-23,62.0,75.0,49.0,0.0,0
2121,2016-10-24,66.0,70.0,61.0,0.0,0
2122,2016-10-25,68.0,74.0,61.0,0.03,1
2123,2016-10-26,66.0,77.0,54.0,0.0,0
2124,2016-10-27,63.0,67.0,59.0,0.51,1
2125,2016-10-28,65.0,69.0,61.0,0.35,1
2126,2016-10-29,65.0,74.0,56.0,0.0,0
2127,2016-10-30,61.0,68.0,54.0,0.48,1
2128,2016-10-31,59.0,67.0,50.0,0.01,1
2129,2016-11-01,59.0,67.0,50.0,0.09,1
2130,2016-11-02,58.0,69.0,47.0,0.0,0
2131,2016-11-03,60.0,72.0,47.0,0.0,0
2132,2016-11-04,61.0,74.0,48.0,0.0,0
2133,2016-11-05,60.0,72.0,47.0,0.0,0
2134,2016-11-06,64.0,71.0,56.0,0.0,0
2135,2016-11-07,63.0,73.0,53.0,0.0,0
2136,2016-11-08,63.0,75.0,51.0,0.0,0
2137,2016-11-09,64.0,76.0,51.0,0.0,0
2138,2016-11-10,63.0,75.0,51.0,0.0,0
2139,2016-11-11,62.0,72.0,51.0,0.0,0
2140,2016-11-12,65.0,74.0,55.0,0.0,0
2141,2016-11-13,63.0,75.0,51.0,0.0,0
2142,2016-11-14,61.0,73.0,49.0,0.0,0
2143,2016-11-15,58.0,63.0,52.0,0.0,0
2144,2016-11-16,54.0,63.0,45.0,0.0,0
2145,2016-11-17,52.0,64.0,39.0,0.0,0
2146,2016-11-18,52.0,66.0,38.0,0.0,0
2147,2016-11-19,57.0,64.0,49.0,0.12,1
2148,2016-11-20,55.0,60.0,49.0,0.27,1
2149,2016-11-21,55.0,63.0,47.0,0.0,0
2150,2016-11-22,52.0,62.0,42.0,0.1,1
2151,2016-11-23,52.0,61.0,43.0,0.05,1
2152,2016-11-24,48.0,59.0,37.0,0.0,0
2153,2016-11-25,49.0,56.0,41.0,0.0,0
2154,2016-11-26,50.0,56.0,43.0,0.18,1
2155,2016-11-27,54.0,59.0,49.0,0.14,1
2156,2016-11-28,52.0,61.0,42.0,0.0,0
2157,2016-11-29,48.0,59.0,37.0,0.0,0
2158,2016-11-30,50.0,59.0,40.0,0.0,0
2159,2016-12-01,51.0,63.0,38.0,0.0,0
2160,2016-12-02,54.0,64.0,43.0,0.0,0
2161,2016-12-03,51.0,64.0,38.0,0.0,0
2162,2016-12-04,49.0,61.0,37.0,0.0,0
2163,2016-12-05,50.0,56.0,43.0,0.0,0
2164,2016-12-06,47.0,57.0,37.0,0.0,0
2165,2016-12-07,42.0,50.0,34.0,0.18,1
2166,2016-12-08,47.0,54.0,40.0,0.44,1
2167,2016-12-09,54.0,61.0,47.0,0.06,1
2168,2016-12-10,56.0,62.0,50.0,0.38,1
2169,2016-12-11,49.0,54.0,44.0,0.0,0
2170,2016-12-12,50.0,54.0,45.0,0.0,0
2171,2016-12-13,51.0,55.0,46.0,0.01,1
2172,2016-12-14,55.0,61.0,48.0,0.01,1
2173,2016-12-15,58.0,64.0,51.0,1.03,1
2174,2016-12-16,47.0,55.0,38.0,0.0,0
2175,2016-12-17,42.0,53.0,30.0,0.0,0
2176,2016-12-18,42.0,54.0,30.0,0.0,0
2177,2016-12-19,41.0,53.0,29.0,0.0,0
2178,2016-12-20,46.0,59.0,33.0,0.0,0
2179,2016-12-21,51.0,61.0,40.0,0.0,0
2180,2016-12-22,47.0,55.0,39.0,0.0,0
2181,2016-12-23,50.0,56.0,43.0,0.06,1
2182,2016-12-24,46.0,54.0,38.0,0.0,0
2183,2016-12-25,43.0,51.0,34.0,0.0,0
2184,2016-12-26,44.0,52.0,36.0,0.0,0
2185,2016-12-27,44.0,55.0,32.0,0.0,0
2186,2016-12-28,45.0,59.0,31.0,0.0,0
2187,2016-12-29,46.0,58.0,33.0,0.0,0
2188,2016-12-30,50.0,64.0,36.0,0.0,0
2189,2016-12-31,46.0,54.0,38.0,0.0,0
2190,2017-01-01,50.0,55.0,44.0,0.0,0
2191,2017-01-02,48.0,52.0,43.0,0.16,1
2192,2017-01-03,52.0,57.0,46.0,0.53,1
2193,2017-01-04,52.0,57.0,46.0,0.71,1
2194,2017-01-05,44.0,51.0,35.0,0.0,0
2195,2017-01-06,39.0,46.0,32.0,0.0,0
2196,2017-01-07,51.0,61.0,41.0,0.44,1
2197,2017-01-08,60.0,64.0,57.0,1.51,1
2198,2017-01-09,56.0,59.0,52.0,0.27,1
2199,2017-01-10,57.0,60.0,54.0,1.86,1
2200,2017-01-11,52.0,56.0,47.0,0.08,1
2201,2017-01-12,45.0,50.0,40.0,0.14,1
2202,2017-01-13,48.0,60.0,36.0,0.0,0
2203,2017-01-14,46.0,56.0,36.0,0.0,0
2204,2017-01-15,46.0,54.0,38.0,0.0,0
2205,2017-01-16,46.0,55.0,36.0,0.0,0
2206,2017-01-17,42.0,49.0,35.0,0.0,0
2207,2017-01-18,49.0,53.0,44.0,0.8,1
2208,2017-01-19,55.0,60.0,49.0,0.04,1
2209,2017-01-20,52.0,56.0,47.0,0.83,1
2210,2017-01-21,51.0,56.0,46.0,0.31,1
2211,2017-01-22,53.0,59.0,46.0,0.69,1
2212,2017-01-23,48.0,53.0,43.0,0.13,1
2213,2017-01-24,48.0,55.0,41.0,0.0,0
2214,2017-01-25,47.0,57.0,36.0,0.0,0
2215,2017-01-26,50.0,58.0,41.0,0.0,0
2216,2017-01-27,48.0,60.0,35.0,0.0,0
2217,2017-01-28,48.0,60.0,36.0,0.0,0
2218,2017-01-29,49.0,63.0,34.0,0.0,0
2219,2017-01-30,48.0,61.0,35.0,0.0,0
2220,2017-01-31,47.0,58.0,35.0,0.0,0
2221,2017-02-01,47.0,52.0,42.0,0.0,0
2222,2017-02-02,57.0,66.0,48.0,0.22,1
2223,2017-02-03,59.0,62.0,55.0,0.71,1
2224,2017-02-04,56.0,61.0,50.0,0.07,1
2225,2017-02-05,56.0,64.0,47.0,0.15,1
2226,2017-02-06,57.0,59.0,55.0,0.19,1
2227,2017-02-07,61.0,64.0,57.0,1.18,1
2228,2017-02-08,62.0,66.0,57.0,0.22,1
2229,2017-02-09,61.0,64.0,58.0,0.5,1
2230,2017-02-10,58.0,64.0,51.0,0.05,1
2231,2017-02-11,55.0,65.0,45.0,0.0,0
2232,2017-02-12,54.0,67.0,40.0,0.0,0
2233,2017-02-13,53.0,65.0,41.0,0.0,0
2234,2017-02-14,56.0,67.0,44.0,0.0,0
2235,2017-02-15,56.0,63.0,48.0,0.0,0
2236,2017-02-16,60.0,67.0,53.0,0.18,1
2237,2017-02-17,56.0,59.0,52.0,0.6,1
2238,2017-02-18,56.0,61.0,50.0,0.0,0
2239,2017-02-19,54.0,59.0,49.0,0.09,1
2240,2017-02-20,58.0,60.0,55.0,1.37,1
2241,2017-02-21,55.0,60.0,49.0,0.2,1
2242,2017-02-22,49.0,57.0,41.0,0.0,0
2243,2017-02-23,47.0,55.0,39.0,0.0,0
2244,2017-02-24,46.0,56.0,36.0,0.0,0
2245,2017-02-25,48.0,57.0,39.0,0.0,0
2246,2017-02-26,48.0,60.0,35.0,0.03,1
2247,2017-02-27,48.0,57.0,39.0,0.07,1
2248,2017-02-28,49.0,60.0,37.0,0.0,0
2249,2017-03-01,52.0,65.0,38.0,0.0,0
2250,2017-03-02,54.0,68.0,39.0,0.0,0
2251,2017-03-03,56.0,69.0,42.0,0.0,0
2252,2017-03-04,56.0,61.0,50.0,0.4,1
2253,2017-03-05,48.0,54.0,42.0,0.22,1
2254,2017-03-06,51.0,58.0,43.0,0.27,1
2255,2017-03-07,50.0,60.0,40.0,0.0,0
2256,2017-03-08,56.0,70.0,42.0,0.0,0
2257,2017-03-09,62.0,74.0,49.0,0.0,0
2258,2017-03-10,64.0,73.0,54.0,0.0,0
2259,2017-03-11,64.0,77.0,50.0,0.0,0
2260,2017-03-12,64.0,79.0,49.0,0.0,0
2261,2017-03-13,62.0,77.0,48.0,0.0,0
2262,2017-03-14,65.0,80.0,50.0,0.0,0
2263,2017-03-15,61.0,69.0,53.0,0.0,0
2264,2017-03-16,64.0,74.0,53.0,0.0,0
2265,2017-03-17,62.0,77.0,47.0,0.0,0
2266,2017-03-18,62.0,70.0,53.0,0.0,0
2267,2017-03-19,62.0,70.0,54.0,0.0,0
2268,2017-03-20,59.0,64.0,53.0,0.45,1
2269,2017-03-21,62.0,67.0,57.0,0.15,1
2270,2017-03-22,57.0,63.0,50.0,0.32,1
2271,2017-03-23,54.0,64.0,43.0,0.0,0
2272,2017-03-24,55.0,58.0,52.0,0.24,1
2273,2017-03-25,58.0,66.0,50.0,0.0,0
2274,2017-03-26,57.0,64.0,50.0,0.07,1
2275,2017-03-27,57.0,67.0,47.0,0.0,0
2276,2017-03-28,60.0,75.0,44.0,0.0,0
2277,2017-03-29,64.0,78.0,50.0,0.0,0
2278,2017-03-30,61.0,68.0,54.0,0.0,0
2279,2017-03-31,62.0,74.0,49.0,0.0,0
2280,2017-04-01,63.0,79.0,47.0,0.0,0
2281,2017-04-02,66.0,81.0,51.0,0.0,0
2282,2017-04-03,62.0,77.0,47.0,0.0,0
2283,2017-04-04,64.0,75.0,52.0,0.0,0
2284,2017-04-05,64.0,75.0,52.0,0.0,0
2285,2017-04-06,58.0,66.0,50.0,0.94,1
2286,2017-04-07,58.0,66.0,50.0,0.6,1
2287,2017-04-08,52.0,59.0,45.0,0.13,1
2288,2017-04-09,52.0,64.0,40.0,0.0,0
2289,2017-04-10,56.0,68.0,44.0,0.0,0
2290,2017-04-11,61.0,68.0,54.0,0.0,0
2291,2017-04-12,62.0,68.0,56.0,0.05,1
2292,2017-04-13,56.0,63.0,49.0,0.07,1
2293,2017-04-14,54.0,66.0,42.0,0.0,0
2294,2017-04-15,56.0,69.0,42.0,0.0,0
2295,2017-04-16,54.0,60.0,48.0,0.16,1
2296,2017-04-17,60.0,64.0,55.0,0.19,1
2297,2017-04-18,62.0,70.0,53.0,0.0,0
2298,2017-04-19,59.0,70.0,47.0,0.39,1
2299,2017-04-20,62.0,71.0,52.0,0.0,0
2300,2017-04-21,64.0,79.0,49.0,0.0,0
2301,2017-04-22,61.0,70.0,51.0,0.0,0
2302,2017-04-23,62.0,71.0,53.0,0.0,0
2303,2017-04-24,58.0,63.0,53.0,0.0,0
2304,2017-04-25,61.0,70.0,52.0,0.0,0
2305,2017-04-26,63.0,69.0,56.0,0.0,0
2306,2017-04-27,63.0,76.0,50.0,0.0,0
2307,2017-04-28,63.0,77.0,48.0,0.0,0
2308,2017-04-29,65.0,83.0,46.0,0.0,0
2309,2017-04-30,68.0,85.0,50.0,0.0,0
2310,2017-05-01,73.0,91.0,55.0,0.0,0
2311,2017-05-02,77.0,93.0,60.0,0.0,0
2312,2017-05-03,79.0,95.0,63.0,0.0,0
2313,2017-05-04,71.0,85.0,57.0,0.0,0
2314,2017-05-05,65.0,76.0,54.0,0.0,0
2315,2017-05-06,60.0,69.0,51.0,0.0,0
2316,2017-05-07,65.0,77.0,52.0,0.0,0
2317,2017-05-08,67.0,82.0,52.0,0.0,0
2318,2017-05-09,71.0,89.0,53.0,0.0,0
2319,2017-05-10,60.0,68.0,52.0,0.0,0
2320,2017-05-11,62.0,72.0,52.0,0.0,0
2321,2017-05-12,60.0,69.0,51.0,0.0,0
2322,2017-05-13,60.0,70.0,49.0,0.0,0
2323,2017-05-14,60.0,71.0,49.0,0.0,0
2324,2017-05-15,63.0,74.0,51.0,0.0,0
2325,2017-05-16,60.0,68.0,51.0,0.0,0
2326,2017-05-17,64.0,76.0,52.0,0.0,0
2327,2017-05-18,69.0,86.0,51.0,0.0,0
2328,2017-05-19,73.0,91.0,55.0,0.0,0
2329,2017-05-20,76.0,94.0,57.0,0.0,0
2330,2017-05-21,76.0,95.0,57.0,0.0,0
2331,2017-05-22,74.0,93.0,55.0,0.0,0
2332,2017-05-23,73.0,90.0,55.0,0.0,0
2333,2017-05-24,64.0,74.0,54.0,0.0,0
2334,2017-05-25,63.0,70.0,56.0,0.0,0
2335,2017-05-26,62.0,70.0,54.0,0.0,0
2336,2017-05-27,65.0,77.0,53.0,0.0,0
2337,2017-05-28,67.0,80.0,54.0,0.0,0
2338,2017-05-29,63.0,72.0,54.0,0.0,0
2339,2017-05-30,64.0,73.0,54.0,0.0,0
2340,2017-05-31,69.0,81.0,56.0,0.02,1
2341,2017-06-01,70.0,81.0,58.0,0.0,0
2342,2017-06-02,74.0,90.0,57.0,0.0,0
2343,2017-06-03,72.0,85.0,58.0,0.0,0
2344,2017-06-04,70.0,84.0,56.0,0.0,0
2345,2017-06-05,72.0,90.0,54.0,0.0,0
2346,2017-06-06,70.0,85.0,55.0,0.0,0
2347,2017-06-07,68.0,80.0,56.0,0.0,0
2348,2017-06-08,66.0,71.0,60.0,0.01,1
2349,2017-06-09,66.0,75.0,57.0,0.0,0
2350,2017-06-10,65.0,75.0,55.0,0.0,0
2351,2017-06-11,62.0,71.0,53.0,0.0,0
2352,2017-06-12,64.0,74.0,54.0,0.0,0
2353,2017-06-13,69.0,84.0,54.0,0.0,0
2354,2017-06-14,75.0,90.0,59.0,0.0,0
2355,2017-06-15,75.0,91.0,59.0,0.0,0
2356,2017-06-16,81.0,97.0,65.0,0.0,0
2357,2017-06-17,85.0,100.0,69.0,0.0,0
2358,2017-06-18,91.0,108.0,73.0,0.0,0
2359,2017-06-19,85.0,103.0,66.0,0.0,0
2360,2017-06-20,81.0,100.0,62.0,0.0,0
2361,2017-06-21,81.0,99.0,62.0,0.0,0
2362,2017-06-22,86.0,105.0,66.0,0.0,0
2363,2017-06-23,77.0,91.0,63.0,0.0,0
2364,2017-06-24,74.0,88.0,59.0,0.0,0
2365,2017-06-25,71.0,82.0,59.0,0.0,0
2366,2017-06-26,70.0,80.0,60.0,0.0,0
2367,2017-06-27,70.0,81.0,59.0,0.0,0
2368,2017-06-28,72.0,87.0,57.0,0.0,0
2369,2017-06-29,73.0,89.0,57.0,0.0,0
2370,2017-06-30,70.0,84.0,56.0,0.0,0
2371,2017-07-01,71.0,85.0,56.0,0.0,0
2372,2017-07-02,73.0,88.0,57.0,0.0,0
2373,2017-07-03,72.0,87.0,56.0,0.0,0
2374,2017-07-04,74.0,91.0,56.0,0.0,0
2375,2017-07-05,72.0,88.0,56.0,0.0,0
2376,2017-07-06,78.0,98.0,58.0,0.0,0
2377,2017-07-07,84.0,107.0,61.0,0.0,0
2378,2017-07-08,85.0,104.0,66.0,0.0,0
2379,2017-07-09,78.0,99.0,57.0,0.0,0
2380,2017-07-10,77.0,96.0,58.0,0.0,0
2381,2017-07-11,74.0,88.0,60.0,0.0,0
2382,2017-07-12,76.0,93.0,59.0,0.0,0
2383,2017-07-13,74.0,91.0,57.0,0.0,0
2384,2017-07-14,76.0,94.0,57.0,0.0,0
2385,2017-07-15,80.0,102.0,58.0,0.0,0
2386,2017-07-16,86.0,105.0,67.0,0.0,0
2387,2017-07-17,84.0,99.0,68.0,0.0,0
2388,2017-07-18,71.0,84.0,58.0,0.0,0
2389,2017-07-19,75.0,91.0,59.0,0.0,0
2390,2017-07-20,75.0,90.0,59.0,0.0,0
2391,2017-07-21,76.0,93.0,59.0,0.0,0
2392,2017-07-22,80.0,100.0,59.0,0.0,0
2393,2017-07-23,82.0,100.0,63.0,0.0,0
2394,2017-07-24,69.0,80.0,58.0,0.0,0
2395,2017-07-25,73.0,87.0,59.0,0.0,0
2396,2017-07-26,76.0,92.0,59.0,0.0,0
2397,2017-07-27,79.0,99.0,58.0,0.0,0
2398,2017-07-28,78.0,96.0,59.0,0.0,0
2399,2017-07-29,75.0,91.0,58.0,0.0,0
2400,2017-07-30,75.0,92.0,57.0,0.0,0
2401,2017-07-31,77.0,95.0,58.0,0.0,0
2402,2017-08-01,81.0,101.0,60.0,0.0,0
2403,2017-08-02,82.0,100.0,63.0,0.0,0
2404,2017-08-03,84.0,99.0,69.0,0.0,0
2405,2017-08-04,79.0,88.0,69.0,0.0,0
2406,2017-08-05,76.0,87.0,64.0,0.0,0
2407,2017-08-06,73.0,85.0,61.0,0.0,0
2408,2017-08-07,74.0,85.0,62.0,0.0,0
2409,2017-08-08,74.0,86.0,61.0,0.0,0
2410,2017-08-09,71.0,81.0,61.0,0.0,0
2411,2017-08-10,75.0,88.0,61.0,0.0,0
2412,2017-08-11,76.0,92.0,60.0,0.0,0
2413,2017-08-12,62.0,66.0,60.0,0.0,0
2414,2017-08-13,73.0,84.0,64.0,0.0,0
2415,2017-08-14,66.0,71.0,61.0,0.0,0
2416,2017-08-15,69.0,77.0,60.0,0.0,0
2417,2017-08-16,71.0,85.0,56.0,0.0,0
2418,2017-08-17,75.0,88.0,61.0,0.0,0
2419,2017-08-18,75.0,89.0,61.0,0.0,0
2420,2017-08-19,73.0,85.0,60.0,0.0,0
2421,2017-08-20,71.0,81.0,61.0,0.0,0
2422,2017-08-21,70.0,77.0,63.0,0.0,0
2423,2017-08-22,75.0,89.0,60.0,0.0,0
2424,2017-08-23,74.0,88.0,60.0,0.0,0
2425,2017-08-24,73.0,85.0,61.0,0.0,0
2426,2017-08-25,75.0,93.0,57.0,0.0,0
2427,2017-08-26,82.0,105.0,58.0,0.0,0
2428,2017-08-27,86.0,107.0,64.0,0.0,0
2429,2017-08-28,83.0,103.0,63.0,0.0,0
2430,2017-08-29,77.0,92.0,62.0,0.0,0
2431,2017-08-30,76.0,93.0,58.0,0.0,0
2432,2017-08-31,81.0,103.0,58.0,0.0,0
2433,2017-09-01,90.0,111.0,69.0,0.0,0
2434,2017-09-02,92.0,110.0,73.0,0.0,0
2435,2017-09-03,91.0,106.0,75.0,0.0,0
2436,2017-09-04,79.0,88.0,69.0,0.0,0
2437,2017-09-05,80.0,90.0,70.0,0.0,0
2438,2017-09-06,75.0,84.0,66.0,0.0,0
2439,2017-09-07,71.0,77.0,64.0,0.0,0
2440,2017-09-08,74.0,85.0,62.0,0.0,0
2441,2017-09-09,77.0,91.0,62.0,0.0,0
2442,2017-09-10,82.0,101.0,63.0,0.0,0
2443,2017-09-11,84.0,98.0,70.0,0.0,0
2444,2017-09-12,79.0,92.0,65.0,0.0,0
2445,2017-09-13,70.0,76.0,64.0,0.03,1
2446,2017-09-14,69.0,76.0,62.0,0.0,0
2447,2017-09-15,70.0,82.0,58.0,0.0,0
2448,2017-09-16,71.0,84.0,57.0,0.0,0
2449,2017-09-17,71.0,84.0,58.0,0.0,0
2450,2017-09-18,71.0,79.0,62.0,0.0,0
2451,2017-09-19,69.0,80.0,58.0,0.0,0
2452,2017-09-20,68.0,75.0,60.0,0.0,0
2453,2017-09-21,65.0,74.0,55.0,0.0,0
2454,2017-09-22,64.0,76.0,52.0,0.0,0
2455,2017-09-23,66.0,82.0,50.0,0.0,0
2456,2017-09-24,68.0,85.0,51.0,0.0,0
2457,2017-09-25,72.0,89.0,54.0,0.0,0
2458,2017-09-26,75.0,92.0,57.0,0.0,0
2459,2017-09-27,75.0,92.0,58.0,0.0,0
2460,2017-09-28,75.0,93.0,56.0,0.0,0
2461,2017-09-29,70.0,83.0,56.0,0.0,0
2462,2017-09-30,72.0,84.0,60.0,0.0,0
2463,2017-10-01,69.0,85.0,53.0,0.0,0
2464,2017-10-02,69.0,83.0,55.0,0.0,0
2465,2017-10-03,65.0,79.0,50.0,0.0,0
2466,2017-10-04,66.0,82.0,50.0,0.0,0
2467,2017-10-05,68.0,86.0,50.0,0.0,0
2468,2017-10-06,71.0,90.0,51.0,0.0,0
2469,2017-10-07,71.0,89.0,52.0,0.0,0
2470,2017-10-08,69.0,84.0,54.0,0.0,0
2471,2017-10-09,70.0,83.0,57.0,0.0,0
2472,2017-10-10,67.0,82.0,51.0,0.0,0
2473,2017-10-11,62.0,74.0,50.0,0.0,0
2474,2017-10-12,60.0,76.0,43.0,0.0,0
2475,2017-10-13,63.0,79.0,46.0,0.0,0
2476,2017-10-14,63.0,79.0,47.0,0.0,0
2477,2017-10-15,64.0,82.0,46.0,0.0,0
2478,2017-10-16,68.0,86.0,49.0,0.0,0
2479,2017-10-17,68.0,84.0,51.0,0.0,0
2480,2017-10-18,63.0,80.0,45.0,0.0,0
2481,2017-10-19,63.0,70.0,55.0,0.0,0
2482,2017-10-20,61.0,67.0,54.0,0.0,0
2483,2017-10-21,60.0,73.0,47.0,0.0,0
2484,2017-10-22,64.0,78.0,50.0,0.0,0
2485,2017-10-23,71.0,87.0,54.0,0.0,0
2486,2017-10-24,74.0,92.0,56.0,0.0,0
2487,2017-10-25,73.0,90.0,56.0,0.0,0
2488,2017-10-26,74.0,92.0,56.0,0.0,0
2489,2017-10-27,74.0,91.0,56.0,0.0,0
2490,2017-10-28,69.0,85.0,52.0,0.0,0
2491,2017-10-29,63.0,76.0,50.0,0.0,0
2492,2017-10-30,59.0,66.0,52.0,0.0,0
2493,2017-10-31,60.0,72.0,48.0,0.0,0
2494,2017-11-01,61.0,73.0,49.0,0.0,0
2495,2017-11-02,60.0,71.0,49.0,0.0,0
2496,2017-11-03,63.0,69.0,56.0,0.02,1
2497,2017-11-04,57.0,65.0,48.0,0.03,1
2498,2017-11-05,53.0,63.0,43.0,0.0,0
2499,2017-11-06,57.0,67.0,47.0,0.0,0
2500,2017-11-07,54.0,67.0,40.0,0.0,0
2501,2017-11-08,58.0,68.0,47.0,0.2,1
2502,2017-11-09,64.0,70.0,57.0,0.08,1
2503,2017-11-10,61.0,69.0,52.0,0.03,1
2504,2017-11-11,58.0,66.0,49.0,0.0,0
2505,2017-11-12,59.0,68.0,49.0,0.0,0
2506,2017-11-13,62.0,70.0,54.0,0.02,1
2507,2017-11-14,59.0,68.0,49.0,0.0,0
2508,2017-11-15,60.0,66.0,53.0,0.39,1
2509,2017-11-16,58.0,61.0,54.0,1.49,1
2510,2017-11-17,54.0,64.0,44.0,0.01,1
2511,2017-11-18,52.0,65.0,39.0,0.0,0
2512,2017-11-19,53.0,65.0,40.0,0.0,0
2513,2017-11-20,60.0,64.0,55.0,0.0,0
2514,2017-11-21,61.0,68.0,53.0,0.0,0
2515,2017-11-22,61.0,72.0,49.0,0.0,0
2516,2017-11-23,62.0,70.0,54.0,0.0,0
2517,2017-11-24,66.0,75.0,56.0,0.0,0
2518,2017-11-25,62.0,67.0,57.0,0.0,0
2519,2017-11-26,63.0,68.0,57.0,0.07,1
2520,2017-11-27,55.0,63.0,47.0,0.25,1
2521,2017-11-28,54.0,64.0,43.0,0.0,0
2522,2017-11-29,55.0,67.0,43.0,0.0,0
2523,2017-11-30,54.0,67.0,40.0,0.0,0
2524,2017-12-01,53.0,64.0,42.0,0.0,0
2525,2017-12-02,52.0,62.0,41.0,0.0,0
2526,2017-12-03,51.0,61.0,40.0,0.05,1
2527,2017-12-04,50.0,64.0,35.0,0.0,0
2528,2017-12-05,53.0,67.0,39.0,0.0,0
2529,2017-12-06,51.0,65.0,37.0,0.0,0
2530,2017-12-07,53.0,66.0,39.0,0.0,0
2531,2017-12-08,51.0,65.0,37.0,0.0,0
2532,2017-12-09,51.0,66.0,35.0,0.0,0
2533,2017-12-10,50.0,66.0,33.0,0.0,0
2534,2017-12-11,51.0,67.0,35.0,0.0,0
2535,2017-12-12,50.0,66.0,34.0,0.0,0
2536,2017-12-13,48.0,63.0,33.0,0.0,0
2537,2017-12-14,51.0,67.0,35.0,0.0,0
2538,2017-12-15,48.0,61.0,35.0,0.0,0
2539,2017-12-16,54.0,67.0,41.0,0.0,0
2540,2017-12-17,53.0,65.0,41.0,0.0,0
2541,2017-12-18,49.0,63.0,35.0,0.0,0
2542,2017-12-19,51.0,64.0,37.0,0.0,0
2543,2017-12-20,48.0,57.0,38.0,0.05,1
2544,2017-12-21,47.0,60.0,33.0,0.0,0
2545,2017-12-22,44.0,54.0,33.0,0.0,0
2546,2017-12-23,47.0,55.0,39.0,0.0,0
2547,2017-12-24,49.0,55.0,43.0,0.0,0
2548,2017-12-25,51.0,60.0,41.0,0.0,0
2549,2017-12-26,50.0,65.0,35.0,0.0,0
2550,2017-12-27,52.0,64.0,39.0,0.0,0
2551,2017-12-28,51.0,65.0,37.0,0.0,0
2552,2017-12-29,50.0,62.0,37.0,0.0,0
2553,2017-12-30,50.0,63.0,36.0,0.0,0
2554,2017-12-31,50.0,61.0,39.0,0.0,0
